CVCO		www.cavco.com
AGLE		www.aegleabio.com
IFRX		www.inflarx.de
TWST		www.twistbioscience.com
OPTT		www.oceanpowertechnologies.com
BBI		www.brickellbio.com
BBH		WebsiteNotFound
SCZ		WebsiteNotFound
FNKO		www.funko.com
HLAL		WebsiteNotFound
LEVLP		www.levelonebank.com
BBQ		www.famousdaves.com
NVCR		www.novocure.com
SDC		smiledirectclub.com
NMRD		nemauramedical.com
SCOR		www.comscore.com
NVCN		www.neovasc.com
SDG		WebsiteNotFound
NMRK		www.ngkf.com
SLAB		www.silabs.com
FNLC		www.thefirst.com
JSM		WebsiteNotFound
BSAE		WebsiteNotFound
FEYE		www.fireeye.com
KLXE		www.klxenergy.com
CMRX		www.chimerix.com
CVCY		www.cvcb.com
BREZU		WebsiteNotFound
ESXB		www.cbtrustcorp.com
OPTN		www.optinose.com
NVEC		www.nve.com
STRT		www.strattec.com
AGNC		www.agnc.com
BSBK		www.bogotasavingsbank.com
STRS		www.stratusproperties.com
STSA		www.satsumarx.com
UONEK		www.urban1.com
MSBI		www.midlandsb.com
JAGX		www.jaguar.health
MACUW		WebsiteNotFound
BSBE		WebsiteNotFound
NVEE		www.nv5.com
LGND		www.ligand.com
MACUU		WebsiteNotFound
NMTR		www.9meters.com
Z		www.zillowgroup.com
CECE		www.cecoenviro.com
SFM		www.sprouts.com
AGMH		www.agmprime.com
AXNX		www.axonics.com
BJRI		www.bjsrestaurants.com
BSCQ		WebsiteNotFound
SFT		shift.com
BSCP		WebsiteNotFound
NVDA		www.nvidia.com
BSCO		WebsiteNotFound
BSCN		WebsiteNotFound
URGN		www.urogen.com
BSCM		WebsiteNotFound
BSCL		WebsiteNotFound
BSCK		WebsiteNotFound
SCPL		www.sciplay.com
BSCE		WebsiteNotFound
SGA		sagacom.com
TFSL		www.thirdfederal.com
SCPH		www.scpharmaceuticals.com
SGC		www.superiorgroupofcompanies.com
VLGEA		myvillagesupermarket.com
JVA		www.coffeeholding.com
SGH		www.smartm.com
STRA		www.strategiceducation.com
STRO		www.sutrobio.com
STRM		www.streamlinehealth.net
STRL		www.strlco.com
CMTL		www.comtechtel.com
CVET		www.covetrus.com
BFC		www.bankfirstwi.bank
CEFA		WebsiteNotFound
SCSC		www.scansource.com
DHIL		www.diamond-hill.com
BBBY		www.bedbathandbeyond.com
CVGI		cvgrp.com
ARTNA		www.artesianresources.com
BSDE		WebsiteNotFound
SHC		www.soterahealth.com
KDMN		www.kadmon.com
BSCU		WebsiteNotFound
BSCT		WebsiteNotFound
BSCS		WebsiteNotFound
BSCR		WebsiteNotFound
SHV		WebsiteNotFound
JRJC		www.chinafinanceonline.com
SHY		WebsiteNotFound
OCFCP		www.oceanfirst.com
PBYI		www.pumabiotechnology.com
SIC		www.selectinteriorconcepts.com
SLCT		www.selectbank.com
HCSG		www.hcsgcorp.com
SLDB		www.solidbio.com
BBCP		www.concretepumpingholdings.com
ARTLW		WebsiteNotFound
CVGW		www.calavo.com
NVFY		novalifestyle.com
STTK		www.shattucklabs.com
BHF		www.brighthousefinancial.com
KDNY		www.chinooktx.com
LPCN		www.lipocine.com
AXSM		www.axsome.com
HAACU		WebsiteNotFound
MSFT		www.microsoft.com
NVIV		www.invivotherapeutics.com
SLGL		www.sol-gel.com
BIB		WebsiteNotFound
RIDE		lordstownmotors.com
STWO		WebsiteNotFound
BSET		www.bassettfurniture.com
SLGG		www.superleague.com
MBCN		www.middlefieldbank.bank
APDN		www.adnas.com
BSGM		www.biosig.com
BIS		WebsiteNotFound
RIBT		www.ricebrantech.com
LXRX		www.lexpharma.com
AGRX		www.agiletherapeutics.com
AXTI		www.axt.com
JAKK		www.jakks.com
RICK		www.rcihospitality.com
MSEX		www.middlesexwater.com
VMAR		www.visionmarinetechnologies.com
BJK		WebsiteNotFound
PTAC		proptechacquisition.com
GIFI		www.gulfisland.com
APEN		www.apolloendo.com
AGTC		www.agtc.com
HLIO		www.heliostechnologies.com
APEI		www.apei.com
HLIT		www.harmonicinc.com
KTOVW		WebsiteNotFound
SLN		www.silence-therapeutics.com
SLM		www.salliemae.com
SLP		www.simulations-plus.com
SCWX		www.secureworks.com
QNST		www.quinstreet.com
SLS		www.sellaslifesciences.com
ZYNE		zynerba.com
SCVL		www.shoecarnival.com
FFBC		www.bankatfirst.com
CVLT		www.commvault.com
SLGN		www.silganholdings.com
STXB		www.sotb.com
SMH		WebsiteNotFound
CVLG		www.covenanttransport.com
ETAC		WebsiteNotFound
PKOH		www.pkoh.com
VMAC		WebsiteNotFound
JAMF		www.jamf.com
FFBW		www.firstfederalwisconsin.com
CVLB		www.conversionlabs.com
LCYAW		WebsiteNotFound
LCYAU		WebsiteNotFound
KURA		www.kuraoncology.com
DYNT		www.dynatronics.com
BBGI		www.bbgi.com
BLI		www.berkeleylights.com
NVMI		www.novami.com
BBIG		edisonnation.com
CELH		www.celsiusholdingsinc.com
PCAR		www.paccar.com
BSJS		WebsiteNotFound
BSJR		WebsiteNotFound
CELC		www.celcuity.com
BSJQ		WebsiteNotFound
BSJP		WebsiteNotFound
SND		www.smartsand.com
BSJO		WebsiteNotFound
IONS		www.ionispharma.com
SCYX		www.scynexis.com
BLU		www.bellushealth.com
BSJN		WebsiteNotFound
BSJM		WebsiteNotFound
BSJL		WebsiteNotFound
BSJK		WebsiteNotFound
TOMZ		tomimist.com
PTCT		www.ptcbio.com
MBII		www.marronebio.com
MBIN		www.merchantsbankofindiana.com
CVLY		www.peoplesbanknet.com
MBIO		www.mustangbio.com
SNY		www.sanofi.com
VMBS		WebsiteNotFound
CEMI		chembio.com
GIGE		WebsiteNotFound
UROV		www.urovant.com
GIGM		www.gigamedia.com
APHA		aphriainc.com
BBIO		bridgebio.com
BND		WebsiteNotFound
RIGL		www.rigel.com
KMDA		www.kamada.com
BNR		www.brbiotech.com
PTEN		www.patenergy.com
SPI		www.spigroups.com
SPT		www.sproutsocial.com
TOPS		www.topships.org
HLNE		www.hamiltonlane.com
VCVCU		WebsiteNotFound
EKSO		www.eksobionics.com
GIII		www.giii.com
BSMU		WebsiteNotFound
BSMT		WebsiteNotFound
BSMS		WebsiteNotFound
ZIONL		WebsiteNotFound
BSMR		WebsiteNotFound
BSMQ		WebsiteNotFound
BSMP		WebsiteNotFound
BSMO		WebsiteNotFound
BSMN		WebsiteNotFound
BSMM		WebsiteNotFound
BSML		WebsiteNotFound
NPAWW		WebsiteNotFound
SRSAU		WebsiteNotFound
FNWB		www.ourfirstfed.com
CENX		centuryaluminum.com
CENT		www.central.com
XBIO		www.xeneticbio.com
XBIT		www.xbiotech.com
JRSH		www.jerashholdings.com
FFIN		www.ffin.com
BPY		bpy.brookfield.com
GILT		www.gilat.com
NEPH		www.nephros.com
FFIV		www.f5.com
AGZD		WebsiteNotFound
PTGX		www.protagonist-inc.com
ZIONP		www.zionsbancorporation.com
ZIONN		www.zionsbancorporation.com
ZIONO		www.zionsbancorporation.com
LPLA		www.lpl.com
AGYS		www.agilysys.com
NEPT		neptunecorp.com
QFIN		WebsiteNotFound
GFNSL		WebsiteNotFound
IGAC		WebsiteNotFound
SSB		www.southstatebank.com
FFHL		www.fuweiholdings.com
APLS		www.apellis.com
APLT		www.appliedtherapeutics.com
NEOG		www.neogen.com
GDYNW		WebsiteNotFound
OYST		www.oysterpointrx.com
NPAUU		www.npa-corp.com
SSP		www.scripps.com
NEON		www.neonode.com
RZLT		www.rezolutebio.com
FFIC		www.flushingbank.com
GILD		www.gilead.com
SLNO		soleno.life
GFNSZ		WebsiteNotFound
NEOS		www.neostx.com
BRP		www.baldwinriskpartners.com
CERN		www.cerner.com
CNCR		WebsiteNotFound
ECHO		www.echo.com
XSPA		www.xpresspagroup.com
VUZI		www.vuzix.com
BRY		www.berrypetroleum.com
CERE		www.cerevel.com
NGHCZ		WebsiteNotFound
SLQD		WebsiteNotFound
CERC		www.cerecor.com
TOTA		WebsiteNotFound
CNCE		www.concertpharma.com
KDP		www.keurigdrpepper.com
RING		WebsiteNotFound
STX		www.seagate.com
CSSEP		www.cssentertainment.com
CSSEN		WebsiteNotFound
MBOT		www.microbotmedical.com
NERV		www.minervaneurosciences.com
HJLIW		WebsiteNotFound
IOSP		www.innospecinc.com
MSON		www.misonix.com
RILY		www.brileyfin.com
CNDT		www.conduent.com
JRVR		www.jrgh.net
BSY		www.bentley.com
NBACW		WebsiteNotFound
BSQR		www.bsquare.com
HUBG		www.hubgroup.com
NGHCP		www.nationalgeneral.com
NNBR		www.nninc.com
NGHCN		www.nationalgeneral.com
NGHCO		www.nationalgeneral.com
CERS		www.cerus.com
JUPWW		WebsiteNotFound
YNDX		ir.yandex.com
SVC		www.svcreit.com
GRAY		www.graybug.com
NVUS		novustherapeutics.com
CNET		www.zdat.com
GECCL		WebsiteNotFound
WHFBZ		WebsiteNotFound
GECCM		WebsiteNotFound
NETE		www.netelement.com
APOP		www.cellect.co
BSRR		www.sierrabancorp.com
BUG		WebsiteNotFound
GRBK		greenbrickpartners.com
NBACU		WebsiteNotFound
NBACR		WebsiteNotFound
GECCN		WebsiteNotFound
APOG		www.apog.com
ZYXI		www.zynex.com
CNFR		www.cnfrh.com
FRGAP		www.franchisegrp.com
APPS		www.digitalturbine.com
SLRC		www.solarcapltd.com
NNDM		www.nano-di.com
NESR		www.nesr.com
APPN		www.appian.com
IOVA		www.iovance.com
BKCC		www.blackrockbkcc.com
CETX		www.cemtrex.com
SLRX		www.salariuspharma.com
RIOT		www.riotblockchain.com
APPF		www.appfolioinc.com
TOUR		www.tuniu.com
GRCY		WebsiteNotFound
MSTR		www.microstrategy.com
PTMN		WebsiteNotFound
ETNB		www.89bio.com
KHC		www.kraftheinzcompany.com
BBSI		mybbsi.com
HUGE		fsdpharma.com
BWB		www.bridgewaterbankmn.com
CEVA		www.ceva-dsp.com
ETACW		WebsiteNotFound
IGIB		WebsiteNotFound
JAZZ		www.jazzpharma.com
AHAC		WebsiteNotFound
ETACU		WebsiteNotFound
SAIIU		WebsiteNotFound
SAIIW		WebsiteNotFound
IGIC		www.iginsure.com
BSTC		www.biospecifics.com
RRBI		www.redriverbank.net
CHSCL		www.chsinc.com
FSRVU		finservacquisition.com
FSRVW		WebsiteNotFound
CHSCO		www.chsinc.com
CHSCP		www.chsinc.com
FFNW		www.ffnwb.com
CHSCM		www.chsinc.com
BKEP		www.bkep.com
CHSCN		www.chsinc.com
GMBLW		WebsiteNotFound
KIN		www.kindredbio.com
TOWN		www.townebank.com
GABC		www.germanamerican.com
APRE		www.aprea.com
SBLKZ		WebsiteNotFound
MBRX		www.moleculin.com
MNSBP		www.mstreetbank.com
LHCG		www.lhcgroup.com
PTON		www.onepeloton.com
INAQU		WebsiteNotFound
RADA		www.rada.com
INAQW		WebsiteNotFound
HLXA		WebsiteNotFound
AHCO		www.adapthealth.com
MBUU		www.malibuboats.com
RADI		www.radiusglobal.com
BSVN		www.bank7.com
NEXT		www.next-decade.com
FOCS		www.focusfinancialpartners.com
PTPI		WebsiteNotFound
GRFS		www.grifols.com
SDGR		www.schrodinger.com
DRADP		www.digirad.com
ECOL		www.usecology.com
LPTH		www.lightpath.com
HUIZ		www.huize.com
FWRD		www.forwardair.com
LPRO		www.openlending.com
NEWA		dtnewa.com
RACA		www.researchalliancecorp.com
APTX		www.aptinyx.com
PTNR		www.partner.co.il
ETON		www.etonpharma.com
NEWT		www.newtekone.com
WPRT		www.wfsinc.com
APTO		www.aptose.com
SLVO		WebsiteNotFound
MSVB		www.mid-southern.com
LPSN		www.liveperson.com
RIVE		www.riverviewbankpa.com
MBWM		www.mercbank.com
PLAY		ir.daveandbusters.com
PLBC		www.plumasbank.com
ACGLP		www.archcapgroup.com
ACGLO		www.archcapgroup.com
TGLS		www.tecnoglass.com
ECOR		www.electrocore.com
BATRA		www.libertymedia.com/companies/braves-group.html
MKGI		www.monakergroup.com
APWC		www.apwcc.com
ECOW		WebsiteNotFound
LPTX		www.leaptx.com
BATRK		www.libertymedia.com/companies/braves-group.html
CEREW		WebsiteNotFound
PCOM		www.points.com
ECPG		www.encorecapital.com
APVO		aptevotherapeutics.com
LYFT		www.lyft.com
PLAB		www.photronics.com
TXMD		www.therapeuticsmd.com
RRGB		www.redrobin.com
CNNB		www.cincinnatifederal.com
DRIOW		WebsiteNotFound
ETTX		www.entasistx.com
GAIA		www.gaia.com
PCRX		www.pacira.com
GAIN		www.gladstoneinvestment.com
PTRS		www.bankofdelmarvahb.com
CNOB		www.connectonebank.com
KOD		kodiak.com
IGMS		igmbio.com
GRID		WebsiteNotFound
GRIF		www.griffinindustrial.com
LTRPB		www.libertytripadvisorholdings.com
USAP		www.univstainless.com
LTRPA		www.libertytripadvisorholdings.com
GRIL		www.musclemakergrill.com
KOR		WebsiteNotFound
USAK		www.usa-truck.com
GRIN		www.grinshipping.com
DLPNW		WebsiteNotFound
VECO		www.veeco.com
APXT		www.apexacquisitioncorp.com
ETSY		www.etsy.com
USAU		www.usgoldcorp.gold
NEBCU		WebsiteNotFound
USAT		www.usatech.com
PLCE		www.childrensplace.com
PTSI		www.pamtransport.com
SUNS		www.solarseniorcap.com
SUNW		sunworksusa.com
NNOX		www.nanox.vision
PCTI		www.pctel.com
KVHI		www.kvh.com
APYX		apyxmedical.com
PTVE		www.pactivevergreen.com
TBK		www.triumphbancorp.com
PCTY		www.paylocity.com
TXRH		www.texasroadhouse.com
UBCP		www.unitedbancorp.com
SUMR		www.summerinfant.com
COWNZ		WebsiteNotFound
SUMO		www.sumologic.com
CAC		www.camdennational.com
PCSA		www.processapharmaceuticals.com
IGOV		WebsiteNotFound
PCSB		www.pcsbbank.com
CWBC		www.communitywest.com
USCR		www.us-concrete.com
OXLCO		www.oxfordlanecapital.com
OXLCM		www.oxfordlanecapital.com
CAN		canaan-creative.com
JJSF		www.jjsnack.com
OXLCP		www.oxfordlanecapital.com
AYLA		www.ayalapharma.com
RAIL		www.freightcaramerica.com
CAR		www.avisbudgetgroup.com
FFWM		www.firstfoundationinc.com
TCF		ir.tcfbank.com
IPAR		www.interparfumsinc.com
COWNL		WebsiteNotFound
GALT		galectintherapeutics.com
SUPN		www.supernus.com
TCX		www.tucows.com
GRNQ		www.greenprocapital.com
IGSB		WebsiteNotFound
TPCO		www.tribpub.com
PCVX		www.vaxcyte.com
ALACR		WebsiteNotFound
GRNV		WebsiteNotFound
IPDN		www.prodivnet.com
CWBR		www.cohbar.com
HURC		www.hurco.com
ALACW		www.albertoncorp.com
BKNG		www.bookingholdings.com
ALACU		www.albertoncorp.com
CCB		www.coastalbank.com
BTAI		www.bioxceltherapeutics.com
CCD		www.calamos.com/FundInvestor/ClosedEndFunds/CEFund.aspx?name=CCD
USEG		www.usnrg.com
GRMN		www.garmin.com
CFBK		www.CFBankonline.com
CYTHW		www.ctd-holdings.com
NWBI		www.northwest.bank
CFBI		www.newtonfederal.com
CWCO		www.cwco.com
TER		www.teradyne.com
CNTG		www.centogene.com
CDC		WebsiteNotFound
RAND		www.randcapital.com
PLIN		ir.plinfood.com
SMBK		www.smartfinancialinc.com
GRPN		www.groupon.com
CDL		WebsiteNotFound
HUSN		www.cifsp.com
WYNN		www.wynnresorts.com
CDK		www.cdkglobal.com
MTBC		www.mtbc.com
TGTX		www.tgtherapeutics.com
CNST		www.constellationpharma.com
SUSC		WebsiteNotFound
SUSB		WebsiteNotFound
CDW		www.cdw.com
CNSP		www.cnspharma.com
CNSL		www.consolidated.com
USIG		WebsiteNotFound
MCAC		WebsiteNotFound
SUSL		WebsiteNotFound
BTAQ		WebsiteNotFound
FOLD		www.amicusrx.com
MBNKP		www.medallionbank.com
NFBK		www.enorthfield.com
CPTAL		WebsiteNotFound
HURN		www.huronconsultinggroup.com
CNTY		www.cnty.com
IXUS		WebsiteNotFound
TGA		www.trans-globe.com
SURF		www.surfaceoncology.com
UBFO		www.unitedsecuritybank.com
GROW		www.usfunds.com
CEY		WebsiteNotFound
CPTAG		WebsiteNotFound
CEZ		WebsiteNotFound
WHLM		www.wilhelmina.com
BTBT		bit-digital.com
SMBC		www.bankwithsouthern.com
CFB		www.crossfirstbank.com
CFA		WebsiteNotFound
WHLR		www.whlr.us
CFFA		WebsiteNotFound
LOACW		WebsiteNotFound
IPHA		www.innate-pharma.com
MCBS		www.metrocitybank.bank
BKSC		www.banksc.com
IPHI		www.inphi.com
WVVIP		www.wvv.com
CFO		WebsiteNotFound
BCBP		www.bcb.bank
MKSI		www.mksinst.com
RAPT		www.rapt.com
MOTNU		WebsiteNotFound
OIIM		www.o2micro.com
CGC		www.canopygrowth.com
LOACR		WebsiteNotFound
LYRA		www.lyratherapeutics.com
SMED		www.sharpsinc.com
BCDA		www.biocardia.com
SMCP		WebsiteNotFound
USIO		usio.com
PCYG		www.parkcitygroup.com
CFFAU		WebsiteNotFound
JBHT		www.jbhunt.com
SMCI		www.supermicro.com
CFFAW		WebsiteNotFound
MTCH		www.mtch.com
CGO		WebsiteNotFound
AYRO		www.ayro.com
NWFL		www.waynebank.com
FONR		www.fonar.com
PCYO		www.purecyclewater.com
BTEC		WebsiteNotFound
IPGP		www.ipgphotonics.com
MTCR		www.metacrine.com
MCBC		www.macatawabank.com
TIG		www.trean.com
CFFN		capfed.com
HDSN		www.hudsontech.com
CFFI		www.cffc.com
CHB		WebsiteNotFound
AHPI		www.alliedhpi.com
JSMD		WebsiteNotFound
PLMR		www.palomarspecialty.com
RARE		www.ultragenyx.com
CHI		fundinvestor.calamos.com/ClosedEndFunds/CEFund.aspx?name=CHI
MKTX		www.marketaxess.com
CNXC		www.concentrix.com
SOHOB		www.sotherlyhotels.com
JSML		WebsiteNotFound
GRTS		gritstoneoncology.com
GRTX		www.galeratx.com
CHW		WebsiteNotFound
MCEF		WebsiteNotFound
USMC		WebsiteNotFound
CHY		fundinvestor.calamos.com/ClosedEndFunds/CEFund.aspx?name=CHY
CURIW		WebsiteNotFound
FORD		www.forwardindustries.com
GASS		www.stealthgas.com
CID		WebsiteNotFound
CIH		www.chinaindexholdings.com
CAPAW		WebsiteNotFound
AYTU		aytubio.com
CIL		WebsiteNotFound
CAPAU		WebsiteNotFound
MTEM		www.mtem.com
GRSV		WebsiteNotFound
TPIC		www.tpicomposites.com
USLB		WebsiteNotFound
CIZ		WebsiteNotFound
BCEL		www.atreca.com
USLM		www.uslm.com
CNXN		www.connection.com
MTEX		www.mannatech.com
MCFT		www.mastercraft.com
KZR		www.kezarlifesciences.com
FOSL		www.fossilgroup.com
PLPC		www.preformed.com
TLC		www.tlcbio.com
GRVY		www.gravity.co.kr
SMID		www.smithmidland.com
GRWG		www.growgeneration.com
TLS		www.telos.com
CFII		WebsiteNotFound
KEQU		www.kewaunee.com
TLT		WebsiteNotFound
USOI		WebsiteNotFound
HMHC		www.hmhco.com
LQDA		www.liquidia.com
FORK		WebsiteNotFound
JBLU		www.jetblue.com
FORM		www.formfactor.com
MCEP		www.midconenergypartners.com
VEON		www.veon.com
BROGW		WebsiteNotFound
FGBI		www.fgb.net
FORR		www.forrester.com
VVPR		www.vivopower.com
LYTS		www.lsi-industries.com
ELOX		www.eloxxpharma.com
IPKW		WebsiteNotFound
MCFE		www.mcafee.com
SDVY		WebsiteNotFound
LQDT		www.liquidityservices.com
SOHOO		www.sotherlyhotels.com
SOHON		www.sotherlyhotels.com
RAVN		www.ravenind.com
SRACW		WebsiteNotFound
UBOH		www.theubank.com
MCHX		www.marchex.com
SRACU		www.stableroadcapital.com
VERO		www.venusconcept.com
BKYI		www.bio-key.com
FGEN		www.fibrogen.com
KNDI		www.kandivehicle.com
VERI		www.veritone.com
PDBC		WebsiteNotFound
DRAD		www.digirad.com
ELSE		www.electro-sensors.com
CME		www.cmegroup.com
VERU		www.verupharma.com
VERX		www.vertexinc.com
VNDA		www.vandapharma.com
VERY		www.vericity.com
NWLI		www.nwlgi.com
SMIT		www.schmittindustries.com
DINT		WebsiteNotFound
SIGIP		www.selective.com
EDAP		www.edap-tms.com
OZON		www.ozon.ru
MCHI		WebsiteNotFound
KERN		www.akerna.com
PUBM		pubmatic.com
VERB		www.myverb.com
RAVE		www.raverg.com
DIOD		www.diodes.com
MCHP		www.microchip.com
ORBC		www.orbcomm.com
PDCO		www.pattersoncompanies.com
VETS		WebsiteNotFound
MTLS		www.materialise.com
DZSI		www.dzsi.com
MTBCP		www.mtbc.com
VNET		www.21vianet.com
FOXA		www.foxcorporation.com
SMMF		www.summitfgi.com
CFMS		www.conformis.com
FOXF		www.ridefox.com
SMMC		www.smmergercorp.com
EUFN		WebsiteNotFound
XTLB		www.xtlbio.com
HMNF		www.justcallhome.com/hmn-financial-inc
NFLX		www.netflix.com
BCLI		www.brainstorm-cell.com
ZION		www.zionsbancorporation.com
PLRX		pliantrx.com
LBTYA		www.libertyglobal.com
LBTYB		www.libertyglobal.com
PLSE		www.pulsebiosciences.com
PDCE		www.pdce.com
PTICU		WebsiteNotFound
ZIOP		www.ziopharm.com
ELTK		www.nisteceltek.com
LBTYK		www.libertyglobal.com
PDEV		WebsiteNotFound
PDEX		www.pro-dex.com
UBSI		www.ubsi-inc.com
CPZ		WebsiteNotFound
LBC		www.lutherburbanksavings.com
TRS		www.trimascorp.com
MCMJ		WebsiteNotFound
DADA		about.imdada.cn
TSC		www.tristatecapitalbank.com
SMMT		www.summitplc.com
LCA		WebsiteNotFound
PLUG		www.plugpower.com
NWPX		www.nwpipe.com
DISH		www.dish.com
JBSS		www.jbssinc.com
BCML		www.unitedbusinessbank.com
PLUS		www.eplus.com
LCY		WebsiteNotFound
ZGYHR		WebsiteNotFound
TTD		www.thetradedesk.com
COCP		www.cocrystalpharma.com
AQMS		www.aquametals.com
CWST		www.casella.com
ZGYHU		WebsiteNotFound
SVBI		www.severnbank.com
JMPNZ		WebsiteNotFound
ZGYHW		WebsiteNotFound
HEAR		corp.turtlebeach.com
CSA		WebsiteNotFound
PLXP		plxpharma.com
PLXS		www.plexus.com
SEAC		www.seachange.com
CSB		WebsiteNotFound
CSF		WebsiteNotFound
JMPNL		WebsiteNotFound
USWS		uswellservices.com
CSQ		fundinvestor.calamos.com/ClosedEndFunds/CEFund.aspx?name=CSQ
SVAC		WebsiteNotFound
THBR		WebsiteNotFound
PDFS		www.pdf.com
CSX		www.csx.com
BCPC		www.balchem.com
HVBC		www.hvbancorp.com
SMPL		www.thesimplygoodfoodscompany.com
TUR		WebsiteNotFound
NWSA		newscorp.com
THCB		WebsiteNotFound
THCA		WebsiteNotFound
BCOW		www.1895bancorpofwisconsin.com
CFRX		www.contrafect.com
CODA		www.codaoctopusgroup.com
BCOV		www.brightcove.com
CTG		www.ctg.com
BCOR		www.blucora.com
HMST		www.homestreet.com
MTRX		www.matrixservicecompany.com
HMSY		investor.hms.com
GSBC		www.greatsouthernbank.com
CUE		www.cuebiopharma.com
BLBD		www.blue-bird.com
MTSC		www.mts.com
THFF		www.first-online.com
DRIO		mydario.com
YSACU		WebsiteNotFound
SMSI		www.smithmicro.com
YSACW		WebsiteNotFound
ORIC		www.oricpharma.com
SECO		www.secoo.com
MTSI		www.macom.com
NFTY		WebsiteNotFound
DRIV		WebsiteNotFound
CODX		www.codiagnostics.com
ELYS		www.newgiocogroup.com
PLYA		www.playaresorts.com
BLCT		www.blue-city.com
MLAB		www.mesalabs.com
MLAC		WebsiteNotFound
COFS		www.choiceone.com
FXNC		www.fbvirginia.com
TPTX		www.tptherapeutics.com
BLCN		WebsiteNotFound
EDIT		www.editasmedicine.com
ORGS		www.orgenesis.com
BLCM		www.bellicum.com
USXF		WebsiteNotFound
NODK		www.niholdingsinc.com
HEBT		WebsiteNotFound
ORGO		organogenesis.com
JKHY		www.jackhenry.com
AFINP		www.americanfinancetrust.com
CVV		www.cvdequipment.com
DFPHW		WebsiteNotFound
THWWW		WebsiteNotFound
TXG		www.10xgenomics.com
DFPHU		WebsiteNotFound
COGT		www.unumrx.com
BLDR		www.bldr.com
BLDP		www.ballard.com
HEES		www.he-equipment.com
ZIXI		www.zix.com
TXN		www.ti.com
PDLB		www.poncebank.com
PDLI		www.pdl.com
SEED		www.originseed.com.cn
BCRX		www.biocryst.com
SEER		seer.bio
RBBN		www.ribboncommunications.com
HMCOU		WebsiteNotFound
SEEL		seelostherapeutics.com
SNFCA		www.securitynational.com
IPWR		www.idealpower.com
BPYUP		www.bpy.brookfield.com/en/bpr
MCRB		www.serestherapeutics.com
PULM		www.pulmatrix.com
MTSL		www.mtsint.com
SGAMW		WebsiteNotFound
COHU		www.cohu.com
HMTV		www.hemispheretv.com
SGAMU		WebsiteNotFound
COHR		www.coherent.com
MCRI		www.monarchcasino.com
SMTI		sanaramedtech.com
BCTG		WebsiteNotFound
ZAGG		www.zagg.com
MLCO		www.melco-resorts.com
SMTC		www.semtech.com
SEDG		www.solaredge.com
TYHT		www.tianyiluobuma.com
SMTX		www.smtc.com
DAIO		www.dataio.com
VMACW		WebsiteNotFound
VMACU		WebsiteNotFound
BLFS		www.biolifesolutions.com
DCOMP		www.dime.com
AQST		www.aquestive.com
AIRTP		www.airt.net
EDOC		WebsiteNotFound
ORLY		www.oreillyauto.com
AIRTW		WebsiteNotFound
GBCI		www.glacierbank.com
FPAY		www.flexshopper.com
ESGRP		www.enstargroup.com
DALI		WebsiteNotFound
ESGRO		www.enstargroup.com
LKQ		www.lkqcorp.com
FTCVU		WebsiteNotFound
BTWN		WebsiteNotFound
DAKT		www.daktronics.com
CZR		www.caesars.com
GBDC		www.golubcapitalbdc.com
RBCN		www.rubicontechnology.com
EDTXU		www.edtechxcorp.com
VNOM		www.viperenergy.com
LAZRW		www.luminartech.com
GSHD		www.gooseheadinsurance.com
SEIC		www.seic.com
BPYPP		bpy.brookfield.com
BPYPO		bpy.brookfield.com
MLHR		www.hermanmiller.com
BPYPN		bpy.brookfield.com
KNSA		www.kiniksa.com
COKE		www.cokeconsolidated.com
PMBC		www.pmbank.com
KNSL		www.kinsalecapitalgroup.com
LIFE		www.atyrpharma.com
LMB		www.limbachinc.com
DRNA		www.dicerna.com
XCUR		www.exicuretx.com
ORMP		www.oramed.com
BLIN		www.bridgeline.com
COLM		www.columbia.com
COLL		www.collegiumpharma.com
VNQI		WebsiteNotFound
TYME		www.tymeinc.com
COLB		www.columbiabank.com
EDRY		www.eurodry.gr
COMT		WebsiteNotFound
EDSA		www.edesabiotech.com
COMM		www.commscope.com
LNT		www.alliantenergy.com
BCYC		www.bicycletherapeutics.com
HELE		www.helenoftroy.com
LOB		www.liveoakbank.com
EMCB		WebsiteNotFound
EMCF		www.emclairefinancial.com
AIHS		www.senmiaotech.com
THMO		www.thermogenesis.com
CONN		www.conns.com
GSIT		www.gsitechnology.com
KNTE		www.kinnate.com
UAE		WebsiteNotFound
CONE		www.cyrusone.com
WIFI		www.boingo.com
BLKB		www.blackbaud.com
ORPH		www.orphazyme.com
MCACU		WebsiteNotFound
UAL		www.united.com
MCACR		WebsiteNotFound
EDUC		www.edcpub.com
COOP		mrcoopergroup.com
DJCO		www.dailyjournal.com
UCBIO		www.ucbi.com
ORSN		WebsiteNotFound
EDUT		WebsiteNotFound
GBIO		generationbio.com
PTACU		proptechacquisition.com
PDSB		www.pdsbiotech.com
SVMK		www.surveymonkey.com
SELF		www.globalselfstorage.us
UBX		www.unitybiotechnology.com
SELB		selectabio.com
DARE		www.darebioscience.com
ORRF		www.orrstown.com
UCBI		www.ucbi.com
BLMN		www.bloominbrands.com
DRRX		www.durect.com
KFFB		ffsbky.bank
EDTK		www.kingwayup.com
DAX		WebsiteNotFound
GSKY		www.greensky.com
PTACW		WebsiteNotFound
UCL		www.ucloudlink.com
CORE		www.core-mark.com
ORTX		www.orchard-tx.com
IHRT		www.iheartmedia.com
AGCUU		WebsiteNotFound
THRM		www.gentherm.com
HEPA		www.hepionpharma.com
LILA		www.lla.com
XLNX		www.xilinx.com
AIKI		aikidopharma.com
BLNK		www.blinkcharging.com
DBX		www.dropbox.com
THRY		corporate.thryv.com
AIMC		www.altramotion.com
RBKB		www.rhinebeckbank.com
VKTXW		WebsiteNotFound
GSMG		www.yaoshixinghui.com
OXSQL		WebsiteNotFound
GCMGW		WebsiteNotFound
CXDC		www.chinaxd.net
DRTT		www.dirtt.com
FLMNW		WebsiteNotFound
AVGOP		www.broadcom.com
CORT		www.corcept.com
MLND		www.millendo.com
OXSQZ		WebsiteNotFound
DCT		www.duckcreek.com
CGBD		www.carlyle.co.in/our-business/carlyle-gms-finance-inc
GBLI		www.global-indemnity.com
NGAC		WebsiteNotFound
RBNC		www.reliantbank.com
WIMI		en.wimiar.com
AGCWW		WebsiteNotFound
SNBR		www.sleepnumber.com
HERD		WebsiteNotFound
UTHR		www.unither.com
SNBP		WebsiteNotFound
LIND		www.expeditions.com
LINC		www.lincolntech.edu
COST		www.costco.com
HERO		WebsiteNotFound
BLPH		www.bellerophon.com
CXDO		www.crexendo.com
SNCA		www.senecabio.com
THTX		www.theratech.com
UFO		WebsiteNotFound
WILC		www.willi-food.com
EMIF		WebsiteNotFound
AZPN		www.aspentech.com
TOTAW		WebsiteNotFound
JCTCF		www.jewettcameron.com
AINV		www.apolloic.com
TOTAR		WebsiteNotFound
PUYI		www.puyiwm.com
YORW		www.yorkwater.com
GFNCP		www.generalfinance.com
SVRA		www.savarapharma.com
OXBRW		www.oxbridgere.com
AEPPZ		www.aep.com
SNDL		www.sundialgrowers.com
BLSA		WebsiteNotFound
SNDX		www.syndax.com
SESN		www.sesenbio.com
BLRX		www.biolinerx.com
MDCA		www.mdc-partners.com
CGEN		www.cgen.com
NXGN		www.nextgen.com
COUP		www.coupa.com
XLRN		www.acceleronpharma.com
NOVS		novuscapitalcorporation.com
NOVT		www.novanta.com
AEPPL		WebsiteNotFound
TMPMU		WebsiteNotFound
NOVN		www.novan.com
AZRX		www.azurrx.com
WING		www.wingstop.com
SNCR		www.synchronoss.com
WINA		www.winmarkcorporation.com
EMKR		www.emcore.com
HNDL		WebsiteNotFound
WINC		WebsiteNotFound
WINT		www.windtreetx.com
ARAY		www.accuray.com
ARAV		aravive.com
AY		www.atlanticayield.com
SNDE		www.sundanceenergy.net
DHC		www.dhcreit.com
SABRP		www.sabre.com
AIRG		www.airgain.com
LIQT		www.liqtech.com
BLUE		www.bluebirdbio.com
RSSS		www.researchsolutions.investorroom.com
BL		www.blackline.com
ARCE		www.arcoeducacao.com.br
ARCB		www.arcb.com
IHYF		WebsiteNotFound
ARCC		www.arescapitalcorp.com
NGHC		www.nationalgeneral.com
RKDA		www.arcadiabio.com
UTMD		www.utahmed.com
BCDAW		WebsiteNotFound
LRCX		www.lamresearch.com
LACQW		WebsiteNotFound
COWN		www.cowen.com
LYL		www.dvintinc.com
LACQU		leisureacq.com
CD		www.chindatagroup.com
WRAP		www.wraptechnologies.com
CG		www.carlyle.com
SNEX		www.stonex.com
SNES		www.senestech.com
NGACW		WebsiteNotFound
AIRT		www.airt.net
AIRR		WebsiteNotFound
NGACU		WebsiteNotFound
LCAHW		WebsiteNotFound
SVVC		www.firsthandtvf.com
LCAHU		WebsiteNotFound
ARCT		www.arcturusrx.com
VWOB		WebsiteNotFound
LACQ		leisureacq.com
OTRAU		WebsiteNotFound
WISA		www.summitwireless.com
CGIX		www.cancergenetics.com
LITE		www.lumentum.com
PVAC		www.pennvirginia.com
AACQ		WebsiteNotFound
ULH		www.universallogistics.com
AREC		www.americanresourcescorp.com
EVBG		www.everbridge.com
MDGL		www.madrigalpharma.com
AACG		www.atai.net.cn
ARDX		www.ardelyx.com
EA		www.ea.com
ARDS		www.aridispharma.com
EH		www.ehang.com
WABC		www.westamerica.com
GSUM		www.gridsum.com
TCBIP		www.texascapitalbank.com
GAINM		www.gladstoneinvestment.com
TCBIL		www.texascapitalbank.com
GAINL		www.gladstoneinvestment.com
GMLPP		WebsiteNotFound
SNGX		www.soligenix.com
MLVF		ir.malvernbancorp.com
EQ		equilliumbio.com
HEWG		WebsiteNotFound
WIRE		www.encorewire.com
FPRX		www.fiveprime.com
FB		investor.fb.com
BDGE		www.bnbbank.com
EXPCW		WebsiteNotFound
LRGE		WebsiteNotFound
UNB		www.ublocal.com
MDIA		mediacoholding.com
LIVE		www.liveventures.com
FV		WebsiteNotFound
DSAC		WebsiteNotFound
LIVK		WebsiteNotFound
LIVN		www.livanova.com
EXPCU		WebsiteNotFound
PEBK		www.peoplesbanknc.com
LIVX		www.livexlive.com
AGNCP		www.agnc.com
AGNCO		www.agnc.com
GH		guardanthealth.com
PVBC		www.theprovidentbank.com
AGNCN		www.agnc.com
AGNCM		www.agnc.com
MDGS		www.medigus.com
GO		www.groceryoutlet.com
GP		www.greenpowerbus.com
TLMDW		WebsiteNotFound
GT		www.goodyear.com
KFRC		www.kforce.com
JCOM		www.j2global.com
HA		www.hawaiianairlines.com
ARGX		www.argenx.com
OSBC		www.oldsecond.com
CGROU		collectivegrowthcorp.com
CGROW		WebsiteNotFound
PHICU		WebsiteNotFound
ZSAN		www.zosanopharma.com
TZAC		WebsiteNotFound
HX		www.hexindai.com
AZYO		www.aziyobiologics.com
UTSI		www.utstar.com
YGMZ		WebsiteNotFound
FPXE		WebsiteNotFound
EVFM		www.evofem.com
HNNA		www.hennessyadvisors.com
FPXI		WebsiteNotFound
LIXT		www.lixte.com
MDIV		WebsiteNotFound
WAFD		www.wafdbank.com
PEBO		www.peoplesbancorp.com
IQ		www.iqiyi.com
DOX		www.amdocs.com
CGNX		www.cognex.com
MDJH		www.mdjhchina.com
WAFU		www.edu-edu.com
PECK		www.peckcompany.com
ULBI		www.ultralifecorporation.com
JD		www.jd.com
NGMS		neogames.com
SNLN		WebsiteNotFound
JG		www.jiguang.cn
EVER		www.everquote.com
MAR		www.marriott.com
MAT		www.mattel.com
MDLZ		www.mondelezinternational.com
ARKR		www.arkrestaurants.com
CPAH		www.counterpath.com
SNOA		www.sonomapharma.com
MBB		WebsiteNotFound
EEFT		www.euronetworldwide.com
LIZI		www.lizhi.fm
PMVP		www.pmvpharma.com
KC		www.ksyun.com
KE		www.kimballelectronics.com
CTXRW		WebsiteNotFound
OBCI		www.oceanbiochem.com
CETXW		WebsiteNotFound
LCAPU		WebsiteNotFound
OBAS		www.optibase-holdings.com
NXPI		www.nxp.com
ARLP		www.arlp.com
GLADD		WebsiteNotFound
FTOCU		WebsiteNotFound
FTOCW		WebsiteNotFound
EVGN		www.evogene.com
LE		www.landsend.com
CETXP		www.cemtrex.com
TQQQ		WebsiteNotFound
LI		www.lixiang.com
LCAPW		WebsiteNotFound
RSVAU		WebsiteNotFound
QYLG		WebsiteNotFound
GRSVW		WebsiteNotFound
QYLD		WebsiteNotFound
GLADL		WebsiteNotFound
GRSVU		WebsiteNotFound
LRMR		larimartx.com
MDB		www.mongodb.com
HCACW		www.hennessycapllc.com
LX		www.lexin.com
SWBI		www.smith-wesson.com
HWCC		www.houwire.com
HCACU		www.hennessycapllc.com
NXST		www.nexstar.tv
GWACU		WebsiteNotFound
DBDR		WebsiteNotFound
GWACW		WebsiteNotFound
CXSE		WebsiteNotFound
NXTG		WebsiteNotFound
HNRG		www.halladorenergy.com
HOLUW		WebsiteNotFound
NXTC		www.nextcure.com
HOLUU		WebsiteNotFound
NXTD		www.nxt-id.com
AAME		www.atlam.com
MU		www.micron.com
UCTT		www.uct.com
PEGA		www.pega.com
LAKE		www.lakeland.com
MDNA		www.medicenna.com
IZEA		www.izea.com
OTRKP		www.ontrak-inc.com
EMXC		WebsiteNotFound
EMXF		WebsiteNotFound
SNPS		www.synopsys.com
ARNA		www.arenapharm.com
HWBK		www.hawthornbancshares.com
NH		nanthealth.com
WRLD		www.loansbyworld.com
NK		www.nantkwest.com
CGRO		collectivegrowthcorp.com
SWAV		www.shockwavemedical.com
PEIX		www.pacificethanol.com
SFBS		www.servisfirstbank.com
AROW		www.arrowfinancial.com
LAND		www.gladstonefarms.com
LANC		www.lancastercolony.com
MFH		www.mercurity.com
EVLO		www.evelobio.com
SNSR		WebsiteNotFound
SNSS		www.sunesis.com
OM		outsetmedical.com
DUO		www.fangdd.com
ON		www.onsemi.com
BOWXU		WebsiteNotFound
DSGX		www.descartes.com
AAON		www.aaon.com
HYACU		haymakeracquisition.com/home/
AAOI		www.ao-inc.com
HYACW		WebsiteNotFound
MMAC		mmacapitalholdings.com
HFBL		www.hfbla.com
ARPO		www.aerpio.com
BOWXW		WebsiteNotFound
MGI		corporate.moneygram.com
BMCH		www.buildwithbmc.com
SFBC		www.soundcb.com
APXTU		www.apexacquisitioncorp.com
ACAMU		www.acamarpartners.com
APXTW		WebsiteNotFound
BHSEU		WebsiteNotFound
BRPAR		WebsiteNotFound
LAMR		www.lamar.com
PI		www.impinj.com
ACAMW		WebsiteNotFound
BUSE		www.busey.com
BRPAW		WebsiteNotFound
HWCPZ		WebsiteNotFound
AAPL		www.apple.com
PS		www.pluralsight.com
PT		www.pintec.com
DVY		WebsiteNotFound
HFEN		www.hfenterp.com
BDSI		www.bdsi.com
TIGR		www.itiger.com
DSKE		www.daseke.com
PY		WebsiteNotFound
ARQT		www.arcutis.com
SNUG		WebsiteNotFound
HWCPL		WebsiteNotFound
EEMA		WebsiteNotFound
QH		www.quhuo.cn
VONE		WebsiteNotFound
QK		www.qk365.com
VONG		WebsiteNotFound
HFFG		www.hffoodsgroup.com
ARRY		arraytechinc.com
OSIS		www.osi-systems.com
MIK		www.michaels.com
MDRR		www.medalistreit.com
AACQU		WebsiteNotFound
CPHC		www.canterburypark.com
BDSX		www.biodesix.com
MDRX		www.allscripts.com
TIGO		www.millicom.com
AACQW		WebsiteNotFound
GCBC		www.thebankofgreenecounty.com
RP		www.realpage.com
KOPN		www.kopin.com
CPIX		www.cumberlandpharma.com
MBINO		www.merchantsbankofindiana.com
MBINP		www.merchantsbankofindiana.com
LARK		www.banklandmark.com
PENN		www.pngaming.com
SG		www.siriusgroup.com
FBIOP		www.fortressbiotech.com
SJ		ir.scienjoy.com
DYN		www.dyne-tx.com
BDTX		www.blackdiamondtherapeutics.com
SP		www.spplus.com
ALTUU		WebsiteNotFound
MINDP		mind-technology.com
SV		www.sv-ac.com
SFET		www.safe-t.com
SY		www.soyoung.com
IIIN		www.insteel.com
MKD		www.molbase.cn
ERESU		WebsiteNotFound
VONV		WebsiteNotFound
ARTW		www.artsway-mfg.com
GTEC		www.gtec-tech.com
EVOK		www.evokepharma.com
TA		www.ta-petro.com
ERESW		WebsiteNotFound
EVOL		www.evolving.com
IIIV		www.i3verticals.com
TC		www.tuanche.com
PHIOW		www.phiopharma.com
EVOP		www.evopayments.com
TH		www.targethospitality.com
BLNKW		WebsiteNotFound
ARTL		www.artelobio.com
MDWD		www.mediwound.com
TW		www.tradeweb.com
LILAK		www.lla.com
TILE		www.interface.com
LATN		unionacquisitiongroup.com/uac-ii
HWKN		www.hawkinsinc.com
UG		www.u-g.com
UK		www.ucommune.com
GTHX		www.g1therapeutics.com
ACACU		WebsiteNotFound
WRTC		WebsiteNotFound
MDVL		www.medavail.com
SWIR		www.sierrawireless.com
VC		www.visteon.com
CPLP		www.capitalpplp.com
OSMT		www.osmotica.com
OBLN		www.obalon.com
VG		www.vonage.com
ARVN		www.arvinas.com
LASR		www.nlight.net
WASH		www.washtrust.com
YGYI		www.ygyi.com
RCEL		www.avitamedical.com
TZOO		www.travelzoo.com
OSPN		www.onespan.com
PERI		www.perion.com
WB		ir.weibo.com
ARWR		arrowheadpharma.com
ENDP		www.endo.com
CCNEP		www.cnbbank.bank
DFHTW		WebsiteNotFound
RCHG		WebsiteNotFound
DFHTU		WebsiteNotFound
WW		corporate.ww.com
MDXG		www.mimedx.com
PNBK		www.bankpatriot.com
WATT		www.energous.com
SFIX		www.stitchfix.com
DSPG		www.dspg.com
FHTX		foghorntx.com
SWKH		www.swkhold.com
ARYA		WebsiteNotFound
KOSS		www.koss.com
SWKS		www.skyworksinc.com
GTIM		www.goodtimesburgers.com
LAUR		www.laureate.net
MOR		www.morphosys.com
OBNK		www.origin.bank
QQEW		WebsiteNotFound
XP		www.xpinc.com
NDRAW		WebsiteNotFound
IIVIP		www.ii-vi.com
XT		WebsiteNotFound
MPB		www.midpennbank.com
MMLP		www.martinmidstream.com
CYAD		www.celyad.com
AAXN		www.axon.com
AAXJ		WebsiteNotFound
BMLP		WebsiteNotFound
YI		www.111.com.cn
PETS		www.1800petmeds.com
YJ		www.yunjiglobal.com
GTLS		www.chartindustries.com
PETQ		www.petiq.com
YQ		www.17zuoye.com
IRBT		www.irobot.com
PSACW		WebsiteNotFound
AAWW		www.atlasair.com
PETZ		www.tiandihui.com
PSACU		WebsiteNotFound
TIPT		www.tiptreeinc.com
YY		www.huanju.cn
CYBE		www.cyberoptics.com
HCAPZ		WebsiteNotFound
ZG		www.zillowgroup.com
PESI		www.perma-fix.com
ZI		www.zoominfo.com
LAWS		www.lawsonproducts.com
ZM		www.zoom.us
EAR		eargo.com
RCII		www.rentacenter.com
BANFP		WebsiteNotFound
ZS		www.zscaler.com
CYAN		www.cyanotech.com
TRCH		www.torchlightenergy.com
RAACU		WebsiteNotFound
EBC		www.easternbank.com
CYCC		www.cyclacel.com
LAZR		www.luminartech.com
IRDM		www.iridium.com
VOXX		www.voxxintl.com
OBSV		www.obseva.com
GCMG		www.gcmgrosvenor.com
LAZY		www.lazydays.com
CYBR		www.cyberark.com
NOACU		WebsiteNotFound
ULTA		www.ulta.com
CPRX		www.catalystpharma.com
PNFP		www.pnfp.com
RTLR		www.rattlermidstream.com
SFNC		www.simmonsbank.com
CPRT		www.copart.com
KXIN		ir.kaixin.com
IRCP		www.irsacp.com.ar
RCKY		www.rockybrands.com
RCKT		www.rocketpharma.com
MTC		www.51mm.com
CYCN		www.cyclerion.com
OSTK		www.overstock.com
ZBRA		www.zebra.com
DSWL		www.deswell.com
CPTA		www.capitalagroup.com
MTP		www.midatechpharma.com
TITN		www.titanmachinery.com
MVBF		www.mvbbanking.com
CHCO		www.bankatcity.com
CPST		www.capstoneturbine.com
CPSS		www.consumerportfolio.com
CHCI		www.comstockcompanies.com
DBDRU		WebsiteNotFound
DBDRW		WebsiteNotFound
VFF		www.villagefarms.com
CPSI		www.cpsi.com
CPSH		www.alsic.com
BMRC		www.bankofmarin.com
DBVT		www.dbv-technologies.com
OSUR		www.orasure.com
BMRA		www.biomerica.com
BEAT		www.gobio.com
MDGSW		WebsiteNotFound
BEAM		www.beamtx.com
CHDN		www.churchilldownsincorporated.com
VGIT		WebsiteNotFound
TACT		www.transact-tech.com
TREE		www.lendingtree.com
APOPW		WebsiteNotFound
RCMT		www.rcmt.com
TACO		www.deltaco.com
LSAC		www.lifesciacquisition.com
SWTX		www.springworkstx.com
VGLT		WebsiteNotFound
LJPC		lajollapharmaceutical.com
MMSI		www.merit.com
SFST		www.southernfirst.com
ENLV		www.enlivex.com
CHEK		www.check-cap.com
LSAQ		WebsiteNotFound
RLAY		www.relaytx.com
GLBS		www.globusmaritime.gr
BMRN		www.biomarin.com
CHEF		www.chefswarehouse.com
GLBZ		www.thebankofglenburnie.com
TRHC		www.tabularasahealthcare.com
MWK		www.mohawkgp.com
SSPKU		silverspikecap.com
SOCL		WebsiteNotFound
SSPKW		WebsiteNotFound
BMTC		www.bmt.com
GLAD		www.gladstonecapital.com
CHFS		www.chf-solutions.com
SOLOW		WebsiteNotFound
BECN		www.becn.com
IIVI		www.ii-vi.com
VIE		www.vielabio.com
VIH		WebsiteNotFound
RCON		www.recon.cn
VIR		www.vir.bio
MEDP		www.medpace.com
TRIP		www.tripadvisor.com
MEDS		www.trxadegroup.com
GLDD		www.gldd.com
LSCC		www.latticesemi.com
TRIL		trilliumtherapeutics.com
WSBF		www.wsbonline.com
GLDI		WebsiteNotFound
TRIT		www.triterras.com
QQQM		WebsiteNotFound
QQQN		WebsiteNotFound
ENOB		www.enochianbio.com
QQQJ		WebsiteNotFound
MYL		WebsiteNotFound
MYT		www.h-n-myt.com
RTRX		WebsiteNotFound
TRIB		www.trinitybiotech.com
LSBK		www.lakeshoresavings.com
BEEM		www.beamforall.com
HOFT		www.hookerfurniture.com
WSBC		www.wesbanco.com
HOFV		www.hofreco.com
IRIX		www.iridex.com
ZKIN		www.zkinternationalgroup.com
LBAI		www.lakelandbank.com
ENPH		www.enphase.com
EVSTC		WebsiteNotFound
SOHO		www.sotherlyhotels.com
SOHU		www.sohu.com
SMMCU		www.smmergercorp.com
SMMCW		WebsiteNotFound
EWBC		www.eastwestbank.com
ABCM		www.abcam.com
ABCB		www.amerisbank.com
PNNT		www.pennantpark.com
QQQX		www.nuveen.com/CEF/Product/Overview.aspx?FundCode=QQQX
VLY		www.valley.com
HFWA		www.hf-wa.com
TWCTU		WebsiteNotFound
TWCTW		WebsiteNotFound
FIBK		www.FIBK.com
VMD		www.viemed.com
NHIC		WebsiteNotFound
WTREP		www.watfordre.com
YGYIP		www.ygyi.com
ASET		WebsiteNotFound
TAIT		www.taitroncomponents.com
WSFS		www.wsfsbank.com
TRMT		www.trmtreit.com
NYMX		www.nymox.com
PFBC		www.preferredbank.com
ABEO		www.abeonatherapeutics.com
CHKP		www.checkpoint.com
NHLD		www.yournational.com
NYMT		www.nymtrust.com
PNRG		www.primeenergy.com
PFBI		www.premierbankinc.com
DCRBU		www.dcrbplus.com
EMB		WebsiteNotFound
MEIP		www.meipharma.com
ENSG		www.ensigngroup.net
GTYH		www.gtytechnology.com
MMYT		www.makemytrip.com
CHMG		www.chemungcanal.com
DKNG		www.draftkings.com
IRMD		www.iradimed.com
FCNCP		www.firstcitizens.com
EML		www.easterncompany.com
CHMA		www.chiasma.com
AMHCW		WebsiteNotFound
NESRW		WebsiteNotFound
VOD		www.vodafone.com
VXRT		vaxart.com
JUPW		jupiterwellnessinc.com
TRMD		www.torm.com
EFAS		WebsiteNotFound
PNQI		WebsiteNotFound
TRMB		www.trimble.com
FCNCA		www.firstcitizens.com
AMHCU		WebsiteNotFound
MVIS		www.microvision.com
TRMK		www.trustmark.com
ENG		www.englobal.com
TANH		www.tantech.cn
CHNG		www.changehealthcare.com
TROW		www.troweprice.com
CHNA		WebsiteNotFound
VXUS		WebsiteNotFound
ENTX		www.enterabio.com
SOLY		www.soliton.com
PNTG		www.pennantgroup.com
VPN		WebsiteNotFound
HONE		www.harborone.com
TRNS		www.transcat.com
CHNGU		WebsiteNotFound
HOLI		www.hollysys.com
ORSNW		WebsiteNotFound
ORSNU		WebsiteNotFound
IROQ		iroquoisfed.com
ORSNR		WebsiteNotFound
VGSH		WebsiteNotFound
EWEB		WebsiteNotFound
CLRBZ		WebsiteNotFound
HOLX		www.hologic.com
LFACW		WebsiteNotFound
CHNR		www.chnr.net
ENTA		www.enanta.com
LFACU		www.lfcapital.co
SOLO		www.electrameccanica.com
KELYB		www.kellyservices.com
KELYA		www.kellyservices.com
UMBF		www.umb.com
ENTG		www.entegris.com
HOMB		www.homebancshares.com
HOOK		www.hookipapharma.com
FIII		WebsiteNotFound
VRA		www.verabradley.com
BTWNU		WebsiteNotFound
ADVWW		WebsiteNotFound
BTWNW		WebsiteNotFound
XELB		www.xcelbrands.com
XELA		www.exelatech.com
DTEA		www.davidstea.com
VRM		www.vroom.com
TTCFW		WebsiteNotFound
DCBO		www.docebo.com
ABIO		arcabio.com
NBN		www.northeastbank.com
GLMD		www.galmedpharma.com
HOPE		www.bankofhope.com
OCCI		www.ofscreditcompany.com
CYRX		www.cryoport.com
PWFL		www.powerfleet.com
SONA		www.sonabank.com
TAOP		www.taop.com
ASLN		aslanpharma.com
CYRN		www.cyren.com
MELI		www.mercadolibre.com
QQXT		WebsiteNotFound
SONN		www.sonnetbio.com
SONO		www.sonos.com
FMBIP		www.firstmidwest.com
CHPM		WebsiteNotFound
SONM		www.sonimtech.com
FMBIO		www.firstmidwest.com
VTC		WebsiteNotFound
TARS		www.tarsusrx.com
EWJE		WebsiteNotFound
XENE		www.xenon-pharma.com
ASML		www.asml.com
LSXMB		www.libertymedia.com/companies/liberty-siriusxm-group.html
LSXMA		www.libertymedia.com/companies/liberty-siriusxm-group.html
MEOH		www.methanex.com
PFHD		www.myprobank.com
AHACU		WebsiteNotFound
ASMB		www.assemblybio.com
LSXMK		www.libertymedia.com/companies/liberty-siriusxm-group.html
XENT		www.intersectent.com
AHACW		WebsiteNotFound
EWJV		WebsiteNotFound
KSMTU		WebsiteNotFound
ESQ		www.esquirebank.com
ABMD		www.abiomed.com
OTEL		www.otelco.com
SENEA		www.senecafoods.com
SENEB		www.senecafoods.com
OKTA		www.okta.com
KSMTW		WebsiteNotFound
CYTK		www.cytokinetics.com
CHRW		www.chrobinson.com
CYTH		www.ctd-holdings.com
ASND		www.ascendispharma.com
RLMD		www.relmada.com
IART		www.integralife.com
TRST		www.trustcobank.com
CHRS		www.coherus.com
NEO		www.neogenomics.com
IRTC		www.iRhythmTech.com
TARA		www.protaratx.com
VLYPP		www.valley.com
OTEX		www.opentext.com
VLYPO		www.valley.com
GLNG		www.golarlng.com
PFIS		www.psbt.com
NHLDW		www.yournational.com
TRVG		www.trivago.de
TATT		tat-technologies.com
ABNB		www.airbnb.co.in
NFE		www.newfortressenergy.com
SGBX		www.sgblocks.com
NHTC		www.naturalhealthtrendscorp.com
TRVN		www.trevena.com
DTIL		www.precisionbiosciences.com
IRWD		www.ironwoodpharma.com
TRVI		www.trevitherapeutics.com
HOTH		www.hoththerapeutics.com
OTIC		www.otonomy.com
GSMGW		www.yaoshixinghui.com
OCGN		www.ocugen.com
SGAM		WebsiteNotFound
HGBL		www.heritageglobalinc.com
NYMTN		www.nymtrust.com
ASPU		www.aspu.com
NYMTO		www.nymtrust.com
TAST		www.carrols.com
TRUE		www.truecar.com
NYMTP		www.nymtrust.com
ASPS		www.altisource.com
NYMTM		www.nymtrust.com
NGM		www.ngmbio.com
OCFC		www.oceanfirst.com
PFIE		www.profireenergy.com
ENZL		WebsiteNotFound
EVK		www.everglorygroup.com
CHTR		corporate.charter.com
GLPG		www.glpg.com
PFIN		www.pfina.com
TRUP		www.trupanion.com
GLPI		www.glpropinc.com
BNDW		WebsiteNotFound
MESA		www.mesa-air.com
INBKZ		WebsiteNotFound
XERS		www.xerispharma.com
AKAM		www.akamai.com
MNDO		mindcti.com
HGEN		www.humanigen.com
XNCR		www.xencor.com
FRAF		www.franklinfin.com
MESO		www.mesoblast.com
CHUY		www.chuys.com
FRAN		www.francescas.com
GLSI		www.greenwichlifesciences.com
PFLT		www.pennantpark.com/pflt/about/index.php
SGEN		www.seagen.com
ASRV		www.ameriserv.com
WBND		WebsiteNotFound
ASRT		www.assertiotx.com
FINX		WebsiteNotFound
MERC		www.mercerint.com
MNCL		WebsiteNotFound
EXC		www.exeloncorp.com
AKBA		www.akebia.com
INBKL		WebsiteNotFound
GLRE		www.greenlightre.com
NIU		www.niu.com
RUBY		www.rubiustx.com
SNGXW		WebsiteNotFound
BNDX		WebsiteNotFound
GLTO		galecto.com
OTLK		www.outlooktherapeutics.com
BNFT		www.benefitfocus.com
LKCO		www.luokung.com
FAAR		WebsiteNotFound
XNET		www.xunlei.com
EYE		www.nationalvision.com
EFOI		www.energyfocus.com
TAYD		www.taylordevices.com
METC		www.ramacoresources.com
FRBA		www.firstbanknj.com
BNGO		www.bionanogenomics.com
FRBK		www.myrepublicbank.com
VIHAW		WebsiteNotFound
VIHAU		WebsiteNotFound
METX		investor.metenedu-edtechx.com
PFMT		performantcorp.com
PWOD		www.pwod.com
RDCM		www.radcom.com
ASTE		www.astecindustries.com
CHEKZ		WebsiteNotFound
ASTC		www.astrotechcorp.com
POAI		www.predictive-oncology.com
FISV		www.fiserv.com
AKER		www.akersbio.com
BVXV		www.biondvax.com
FREE		www.wholeearthbrands.com
ASUR		www.asuresoftware.com
FITB		www.53.com
FREQ		www.frequencytx.com
ABST		www.absolute.com
RDFN		www.redfin.com
PFPT		www.proofpoint.com
ABUS		www.arbutusbio.com
GLUU		www.glu.com
LSTR		www.landstar.com
GDEN		www.goldenent.com
WSTG		www.waysidetechnology.com
QABA		WebsiteNotFound
FISI		www.five-starbank.com
SOXX		WebsiteNotFound
ABTX		www.allegiancebank.com
SGLBW		WebsiteNotFound
CMCTP		www.cimcommercial.com
DCOM		www.dime.com
GLYC		www.glycomimetics.com
FRGI		www.frgi.com
RDHL		www.redhillbio.com
EFSC		www.enterprisebank.com
FIVE		www.fivebelow.com
PODD		www.insulet.com
FIVN		www.five9.com
MNKD		www.mannkindcorp.com
WKEY		www.wisekey.com
LKFN		www.lakecitybank.com
CMLFU		WebsiteNotFound
CMLFW		WebsiteNotFound
DCPH		www.deciphera.com
QADA		www.qad.com
ZCMD		www.izcmd.com
QADB		www.qad.com
DISCA		corporate.discovery.com
DISCB		corporate.discovery.com
RUHN		www.ruhnn.com
DISCK		corporate.discovery.com
KPTI		www.karyopharm.com
NPA		www.npa-corp.com
UMPQ		www.umpquabank.com
VYGR		www.voyagertherapeutics.com
ISBC		www.myinvestorsbank.com
SGMA		www.sigmatronintl.com
FIXD		WebsiteNotFound
QIWI		www.qiwi.com
DTSS		www.dataseainc.com
SGMO		www.sangamo.com
ASYS		www.amtechsystems.com
ATCXW		WebsiteNotFound
WBA		www.walgreensbootsalliance.com
SGMS		www.scientificgames.com
FAB		WebsiteNotFound
FRHC		www.freedomholdingcorp.com
FAD		WebsiteNotFound
SGLB		www.sigmalabsinc.com
RDIB		www.readingrdi.com
CMCSA		corporate.comcast.com
WKHS		www.workhorse.com
FAT		www.fatbrands.com
ZLAB		www.zailaboratory.com
QRHC		www.qrhc.com
OTRK		www.ontrak-inc.com
NRC		nrchealth.com
PFSW		www.pfsweb.com
IBBJ		WebsiteNotFound
OTTR		www.ottertail.com
OCSL		www.oaktreespecialtylending.com
TSCO		www.tractorsupply.com
OCSI		www.oaktreecapital.com
SGOC		www.sgocogroup.com
TBBK		www.thebancorp.com
WDC		www.westerndigital.com
OLED		oled.com
ISDX		WebsiteNotFound
FBZ		WebsiteNotFound
FIXX		www.homologymedicines.com
FCA		WebsiteNotFound
CIBR		WebsiteNotFound
CRSAW		WebsiteNotFound
DCTH		delcath.com
CRSAU		www.crescentspac.com
TSBK		www.timberlandbank.com
TSEM		towersemi.com
WEN		www.wendys.com
FRME		www.firstmerchants.com
MNPR		www.monopartx.com
NICK		www.nicholasfinancial.com
EWZS		WebsiteNotFound
OCUP		www.ocuphire.com
GLIBA		www.gciliberty.com
OCUL		www.ocutx.com
BWAY		www.brainsway.com
FDT		WebsiteNotFound
SPCB		www.supercom.com
FALN		WebsiteNotFound
GLIBP		www.gciliberty.com
RDNT		www.radnet.com
CNFRL		WebsiteNotFound
FIZZ		www.nationalbeverage.com
IBCP		www.independentbank.com
ISEE		ivericbio.com
MNOV		medicinova.com
FEM		WebsiteNotFound
FRLN		www.freeline.life
CIDM		www.cinedigm.com
FEP		WebsiteNotFound
ISEM		WebsiteNotFound
FEX		WebsiteNotFound
NICE		www.nice.com
GURE		www.gulfresourcesinc.com
FROG		www.jfrog.com
ISHG		WebsiteNotFound
UEIC		www.uei.com
EOLS		www.evolus.com
GMBL		esportsentertainmentgroup.com
POLA		www.polarpower.com
VYNE		www.vynetherapeutics.com
FANG		www.diamondbackenergy.com
MNSB		www.mstreetbank.com
WHF		www.whitehorsefinance.com
FANH		www.fanhuaholdings.com
OPESW		WebsiteNotFound
OPESU		www.opesacquisitioncorp.com
TSIAU		WebsiteNotFound
NWE		www.northwesternenergy.com
TSHA		www.tayshagtx.com
BWEN		www.bwen.com
NWL		www.newellbrands.com
DLHC		www.dlhcorp.com
BNTC		www.benitec.com
GMAB		www.genmab.com
MNCLU		WebsiteNotFound
NWS		newscorp.com
MNCLW		WebsiteNotFound
FGM		WebsiteNotFound
IBEX		www.ibex.co
KYMR		www.kymeratx.com
GBLIL		WebsiteNotFound
SXTC		www.sxtchina.com
ATAX		www.ataxfund.com
SGRP		www.sparinc.com
HGSH		www.chinahgs.com
BNSO		www.bonso.com
FAMI		www.farmmi88.com
VYMI		WebsiteNotFound
MNRO		www.monro.com
SGRY		www.surgerypartners.com
FHB		www.fhb.com
MNTX		www.manitexinternational.com
RUSHB		www.rushenterprises.com
GDRX		www.goodrx.com
GMDA		www.gamida-cell.com
RUSHA		www.rushenterprises.com
LATNW		WebsiteNotFound
LCAP		WebsiteNotFound
SPFI		www.spfi.bank
WIX		www.wix.com
BWFG		www.mybankwell.com
LATNU		unionacquisitiongroup.com/uac-ii
BNTX		www.biontech.de
ACAM		www.acamarpartners.com
RBCAA		www.republicbank.com
RUTH		www.rhgi.com
FWONA		www.libertymedia.com/companies/formula-one-group.html
CIGI		www.colliers.com
FWONK		www.libertymedia.com/companies/formula-one-group.html
ACAD		www.acadia-pharm.com
FID		WebsiteNotFound
RMBL		www.rumbleon.com
RMBI		www.firstbankrichmond.com
FRPH		www.frpholdings.com
MNST		www.monsterbevcorp.com
ISIG		www.insigniasystems.com
RMBS		www.rambus.com
FRPT		www.freshpet.com
WTBA		www.westbankstrong.com
ATCX		www.oneatlas.com
ACBI		www.atlanticcapitalbank.com
RMCF		www.rmcf.com
AKRO		www.akerotx.com
LTBR		www.ltbridge.com
SGTX		sigilon.com
THCAU		WebsiteNotFound
THCAW		WebsiteNotFound
EXAS		www.exactsciences.com
FJP		WebsiteNotFound
ATEC		www.atecspine.com
FRSX		www.foresightauto.com
TSLA		www.tesla.com
OLMA		www.olema.com
PRPLW		WebsiteNotFound
TSCAP		www.tristatecapitalbank.com
FARM		www.farmerbros.com
FARO		www.faro.com
FRTA		www.forterrabp.com
ACCD		accolade.com
CIIC		ciigcorp.com
CFIIU		WebsiteNotFound
THCBU		WebsiteNotFound
CFIIW		WebsiteNotFound
THCBW		WebsiteNotFound
AKTX		www.akaritx.com
WMG		www.wmg.com
FKU		WebsiteNotFound
TBIO		www.translate.bio
TSCBP		www.tristatecapitalbank.com
AKTS		www.akoustis.com
ATEX		www.anterix.com
POOL		www.poolcorp.com
OLLI		www.ollies.us
GMHI		WebsiteNotFound
FLL		www.fullhouseresorts.com
CENTA		www.central.com
FLN		WebsiteNotFound
FATE		www.fatetherapeutics.com
ACEV		WebsiteNotFound
ISNS		www.imagesensing.com
EGBN		www.eaglebankcorp.com
ACET		www.adicetbio.com
ACER		www.acertx.com
SPKE		www.sparkenergy.com
TBLT		www.toughbuilt.com
RDVY		WebsiteNotFound
DDMXU		WebsiteNotFound
AKUS		www.akouos.com
RDVT		www.redviolet.com
FMB		WebsiteNotFound
MFIN		www.medallion.com
EOSE		www.eosenergystorage.com
IBKR		www.interactivebrokers.com
WTER		www.thealkalinewaterco.com
FMK		WebsiteNotFound
ATHE		www.alteritytherapeutics.com
EGAN		www.egain.com
BFIT		WebsiteNotFound
ATHA		athira.com
WTFC		www.wintrust.com
CZNC		www.cnbankpa.com
BFIN		www.bankfinancial.com
RDUS		www.radiuspharm.com
FAST		www.fastenal.com
CINF		www.cinfin.com
FNK		WebsiteNotFound
ACHC		www.acadiahealthcare.com
SAMAU		www.samcospac.com
JNCE		jouncetx.com
SAMAW		WebsiteNotFound
TBNK		www.territorialsavings.net
ATIF		www.atifchina.com
IBOC		www.ibc.com
FNY		WebsiteNotFound
FNX		WebsiteNotFound
GDYN		www.griddynamics.com
ACGL		www.archcapgroup.com
UVSP		www.univest.net
EXFO		www.exfo.com
ATHX		www.athersys.com
UNAM		www.crusaderinsurance.com
ACIA		acacia-inc.com
DLPN		www.dolphinentertainment.com
RDWR		www.radware.com
ACHV		www.achievelifesciences.com
FOX		www.foxcorporation.com
UEPS		www.net1.com
FPA		WebsiteNotFound
IGICW		WebsiteNotFound
OFSSZ		WebsiteNotFound
EXEL		www.exelixis.com
SPLK		www.splunk.com
QRVO		www.qorvo.com
OAS		www.oasispetroleum.com
TBPH		www.theravance.com
SPNS		www.sapiens.com
PGEN		www.precigen.com
CRAI		www.crai.com
OFSSI		WebsiteNotFound
OFSSG		WebsiteNotFound
GMLP		www.golarlngpartners.com
ACIW		www.aciworldwide.com
OFSSL		WebsiteNotFound
ACIU		www.acimmune.com
HYAC		haymakeracquisition.com/home/
TSRI		www.tsrconsulting.com
QELLU		WebsiteNotFound
QELLW		WebsiteNotFound
SLMBP		www.salliemae.com
ISSC		innovative-ss.com
DLTH		www.duluthtrading.com
BWMX		www.betterware.com.mx
SPOK		www.spok.com
CRBP		www.corbuspharma.com
POTX		WebsiteNotFound
WSC		www.willscotmobilemini.com
ATLO		www.amesnational.com
WSG		www.wsg.cn
OCC		www.occfiber.com
SPNE		www.seaspine.com
ATLC		www.atlanticus.com
FRG		www.franchisegrp.com
ISRG		www.intuitive.com
CABA		www.cabalettabio.com
ISTR		www.investarbank.com
CAAS		www.caasauto.com
RMNI		www.riministreet.com
ODP		investor.theodpcorp.com
SPQQ		WebsiteNotFound
SYBX		www.synlogictx.com
ODT		www.odonate.com
SYBT		www.syb.com
CACC		www.creditacceptance.com
ATNX		www.athenex.com
BELFA		www.belfuse.com
DLTR		www.dollartree.com
BELFB		www.belfuse.com
FSV		www.firstservice.com
SHIPW		www.seanergymaritime.com
MFNC		www.bankmbank.com
FSZ		WebsiteNotFound
SHIPZ		WebsiteNotFound
CRDF		www.cardiffoncology.com
ATNI		www.atni.com
OEG		www.orbitalenergygroup.com
SPPI		www.sppirx.com
POWL		www.powellind.com
FTA		WebsiteNotFound
FTC		WebsiteNotFound
POWI		www.power.com
ATNF		180lifesciences.com
NRBO		www.neurobopharma.com
ACLS		www.axcelis.com
ISTB		WebsiteNotFound
POWW		www.ammoinc.com
WVE		www.wavelifesciences.com
ACNB		www.acnb.com
LCNB		www.lcnb.com
MOBL		WebsiteNotFound
ATOS		atossatherapeutics.com
SPSC		www.spscommerce.com
CREG		www.creg-cn.com
ATOM		www.atomera.com
CREE		www.cree.com
ACMR		www.acmrcsh.com
EXLS		www.exlservice.com
CACG		WebsiteNotFound
OFS		www.ofscapital.com
VRMEW		WebsiteNotFound
IBTA		WebsiteNotFound
YRCW		www.yrcw.com
IBTB		WebsiteNotFound
WWD		www.woodward.com
FUV		www.arcimoto.com
IBTE		WebsiteNotFound
IBTF		WebsiteNotFound
IBTD		WebsiteNotFound
SPRB		www.sprucebiosciences.com
BFRA		www.biofrontera.com
IBTI		WebsiteNotFound
WCLD		WebsiteNotFound
BOCH		www.bankofcommerceholdings.com
IBTJ		WebsiteNotFound
IBTG		WebsiteNotFound
IBTH		WebsiteNotFound
OGI		www.organigram.ca
FVC		WebsiteNotFound
IBTK		WebsiteNotFound
NISN		WebsiteNotFound
WWR		www.westwaterresources.net
FVE		www.fivestarseniorliving.com
XFOR		www.x4pharma.com
SPRT		www.support.com
SHBI		www.shoreunitedbank.com/shore-bancshares--inc-
SPRO		sperotherapeutics.com
CREX		www.cri.com
IBTX		www.independent-bank.com
ODFL		www.odfl.com
CIVB		www.civb.com
RMRM		www.rmrfunds.com/funds/fundDetails.aspx?Page=RIF&amp;b=true
ALAC		www.albertoncorp.com
CZWI		www.ccf.us
SHEN		www.shentel.com
ACOR		www.acorda.com
ROCHU		WebsiteNotFound
ROCHW		WebsiteNotFound
FWP		forward-pharma.com
GECC		www.greatelmcc.com
HCCHW		WebsiteNotFound
HCCHU		WebsiteNotFound
UNIT		www.uniti.com
HCCHR		WebsiteNotFound
ALBO		www.albireopharma.com
ATRS		www.antarespharma.com
ATRO		www.astronics.com
SPTN		www.spartannash.com
DDIV		WebsiteNotFound
ADOCW		WebsiteNotFound
ATRI		www.atrioncorp.com
PXLW		www.pixelworks.com
REAL		www.therealreal.com
ATRC		www.atricure.com
BFST		www.b1bank.com
HYFM		www.hydrofarm.com
EGLE		www.eagleships.com
ATRA		www.atarabio.com
FSBW		www.fsbwa.com
CRIS		www.curis.com
EXPC		WebsiteNotFound
EXPD		www.expeditors.com
MOFG		www.midwestone.com
EXPE		www.expediagroup.com
SPWH		www.sportsmans.com
ALCO		www.alicoinc.com
EXPI		expworldholdings.com
NRIM		www.northrim.com
FYC		WebsiteNotFound
EXPO		www.exponent.com
RMTI		www.rockwellmed.com
NRIX		www.nurixtx.com
ATSG		www.atsginc.com
SPWR		us.sunpower.com
FYT		WebsiteNotFound
ALDX		www.aldeyra.com
FYX		WebsiteNotFound
KCAPL		WebsiteNotFound
METXW		WebsiteNotFound
LTRN		www.lanternpharma.com
LTRX		www.lantronix.com
LIVKU		WebsiteNotFound
LIVKW		WebsiteNotFound
ACRX		www.acelrx.com
WTRE		www.watfordre.com
WTRH		waitrapp.com
ACRS		www.aclaristx.com
VIAV		www.viavisolutions.com
ZUMZ		www.zumiez.com
EPAY		www.bottomline.com
OLB		www.olb.com
CIZN		www.citizensholdingcompany.com
OLD		WebsiteNotFound
FSEA		www.firstseacoastbank.com
ACTG		www.acaciaresearch.com
MOHO		ecmoho.com
ACTC		WebsiteNotFound
DUOT		www.duostechnologies.com
SFTTW		WebsiteNotFound
ALEC		www.alector.com
REFR		www.smartglass.com
SHIP		www.seanergymaritime.com
ACST		www.acastipharma.com
REDU		www.risecenter.com
TEKKU		WebsiteNotFound
CAKE		www.thecheesecakefactory.com
PGNY		www.progyny.com
EGOV		www.egov.com
FSDC		WebsiteNotFound
MOGO		www.mogo.ca
OMP		www.oasismidstream.com
OTLKW		WebsiteNotFound
REED		www.drinkreeds.com
NAII		www.nai-online.com
WLDN		www.willdan.com
ATVI		www.activisionblizzard.com
VIAC		www.viacbs.com
CALM		www.calmainefoods.com
ONB		www.oldnational.com
HYMC		www.hycroftmining.com
ALGT		www.allegiantair.com
DDOG		www.datadoghq.com
EGRX		www.eagleus.com
ALGS		www.aligos.com
CRMT		www.car-mart.com
ADOCU		WebsiteNotFound
VICR		www.vicorpower.com
CALB		www.californiabankofcommerce.com
DMAC		www.diamedica.com
ALGN		www.aligntech.com
CALA		www.calithera.com
IKNX		www.ikonics.com
KIDS		www.orthopediatrics.com
ADOCR		WebsiteNotFound
ALGM		www.allegromicro.com
EXTR		www.extremenetworks.com
VSPRU		WebsiteNotFound
OMAB		www.oma.aero
VSPRW		WebsiteNotFound
PPBI		www.ppbi.com
CRNX		www.crinetics.com
SYKE		www.sykes.com
NAKD		www.nakedbrands.com
ACWI		WebsiteNotFound
CRNT		www.ceragon.com
FSFG		www.fsbbank.net
REGI		www.regi.com
LCUT		www.lifetimebrands.com
BOKF		investor.bokf.com
CALT		www.calliditas.se
ATXI		www.avenuetx.com
HYLS		WebsiteNotFound
WLFC		www.willislease.com
CRNC		www.cerence.com
REGN		www.regeneron.com
SYNL		www.synalloy.com
CROX		www.crocs.com
SYNH		www.syneoshealth.com
LLIT		www.lianluosmart.com
OPI		www.opireit.com/home/default.aspx
OPK		www.opko.com
ALIM		www.alimerasciences.com
CRON		www.thecronosgroup.com
OPT		www.opthea.com
CAMT		www.camtek.com
ACWX		WebsiteNotFound
CAMP		www.calamp.com
ICAD		www.icadmed.com
ASRVP		WebsiteNotFound
SHLD		WebsiteNotFound
ITAC		WebsiteNotFound
IGACU		WebsiteNotFound
BOMN		www.bostonomaha.com
IGACW		WebsiteNotFound
ALJJ		www.aljregionalholdings.com
GAN		www.gan.com
SYNC		www.synacor.com
SYNA		www.synaptics.com
DUSA		WebsiteNotFound
ICBK		www.investorscommunitybank.com
FBIO		www.fortressbiotech.com
TTCF		www.tattooedchef.com
XONE		www.exone.com
ALKS		www.alkermes.com
FBIZ		www.firstbusiness.com
CRTDW		WebsiteNotFound
SYPR		www.sypris.com
CAPA		WebsiteNotFound
TCBI		www.texascapitalbank.com
SHOO		www.stevemadden.com
RELL		www.rell.com
GBT		www.gbt.com
ICCC		immucell.com
NTRSO		www.northerntrust.com
RELV		www.reliv.com
ICCH		ir.iccholdingsinc.com
RVNC		www.revance.com
TCBK		www.tcbk.com
MOMO		www.immomo.com
CRSA		www.crescentspac.com
OMCL		www.omnicell.com
XOMA		www.xoma.com
KZIA		www.kaziatherapeutics.com
UFCS		www.ufginsurance.com
OSN		www.osseninnovation.com
ALLT		www.allot.com
OSS		www.onestopsystems.com
ALLO		www.allogene.com
OSW		www.onespaworld.com
ITCI		www.intracellulartherapies.com
ALLK		www.allakos.com
BOOM		www.dmcglobal.com
UNTY		www.unitybank.com
ENTXW		WebsiteNotFound
REKR		www.rekorsystems.com
RVMD		www.revmed.com
VIGI		WebsiteNotFound
NAOV		www.nanovibronix.com
XEL		www.xcelenergy.com
CAPR		www.capricor.com
ALNA		www.allenapharma.com
CRTD		www.creatd.com
SYRS		www.syros.com
TTEK		www.tetratech.com
SQBG		www.sequentialbrandsgroup.com
GENY		WebsiteNotFound
TCDA		www.tricida.com
CARG		www.cargurus.com
CARE		www.cbtcares.com
NARI		www.inarimedical.com
CRSR		www.corsair.com
CARA		www.caratherapeutics.com
CRSP		www.crisprtx.com
GDS		www.gds-services.com
CASS		www.cassinfo.com
WSBCP		www.wesbanco.com
GEC		www.greatelmcap.com
HYRE		www.hyrecar.com
ALNY		www.alnylam.com
CASI		www.casipharmaceuticals.com
CASH		www.metafinancialgroup.com
CRTX		www.cortexyme.com
OMER		www.omeros.com
FSLR		www.firstsolar.com
GENC		www.gencor.com
UKOMW		WebsiteNotFound
CASA		www.casa-systems.com
GENE		www.gtglabs.com
OMEX		www.odysseymarine.com
CRTO		www.criteo.com
CARZ		WebsiteNotFound
TTEC		www.ttec.com
EPIX		www.essapharma.com
PPIH		www.permapipe.com
HOFVW		WebsiteNotFound
TCCO		www.tccsecure.com
CARV		www.carverbank.com
XGN		www.exagen.com
BOSC		www.boscom.com
FBMS		www.thefirstbank.com
JFIN		www.jiayinfintech.cn
NATH		www.nathansfamous.com
CSWCL		WebsiteNotFound
CATM		www.cardtronics.com
REPL		replimune.com
TTGT		www.techtarget.com
TCFC		www.cbtc.com
NATI		www.ni.com
CATH		WebsiteNotFound
REPH		www.recropharma.com
ALOT		www.astronovainc.com
GFN		www.generalfinance.com
FBNC		localfirstbank.com
CATC		www.cambridgetrust.com
CRUS		www.cirrus.com
CATB		www.catabasis.com
SHSP		sharpspring.com
NATR		www.naturessunshine.com
LBRDA		www.libertybroadband.com
CASY		www.caseys.com
CRWD		www.crowdstrike.com
GEOS		www.geospace.com
ESSCU		WebsiteNotFound
ESSCR		WebsiteNotFound
ESSCW		WebsiteNotFound
LLNW		www.limelight.com
BGCP		www.bgcpartners.com
LBRDK		www.libertybroadband.com
MORF		www.morphictx.com
CRVS		www.corvuspharma.com
SYTA		www.siyatamobile.com
ALPN		www.alpineimmunesciences.com
CRVL		www.corvel.com
MORN		www.morningstar.com
IPLDP		WebsiteNotFound
CATY		www.cathaygeneralbancorp.com
ICFI		www.icf.com
KINS		www.kingstonecompanies.com
NAVI		www.navient.com
CIICW		WebsiteNotFound
MOTS		www.motusgi.com
ICHR		www.ichorsystems.com
CIICU		ciigcorp.com
SQFT		www.presidiopt.com
ADAP		www.adaptimmune.com
BOTZ		WebsiteNotFound
NEWTL		WebsiteNotFound
CRWS		www.crowncrafts.com
BOTJ		WebsiteNotFound
RNDB		www.randolphbancorp.com
HYXF		WebsiteNotFound
AUBN		www.auburnbank.com
MGEE		www.mgeenergy.com
NEWTI		WebsiteNotFound
GNCA		www.genocea.com
ITIC		www.invtitle.com
MOSY		www.mosys.com
AUDC		www.audiocodes.com
ALRS		www.alerus.com
RVSB		www.riverviewbank.com
ADBE		www.adobe.com
ALRM		www.alarm.com
ALRN		www.aileronrx.com
GERN		www.geron.com
OZK		www.ozk.com
RNEM		WebsiteNotFound
VACQW		WebsiteNotFound
ALTA		www.altabancorp.com
RETA		www.reatapharma.com
VACQU		WebsiteNotFound
RETO		www.retoeco.com
BGFV		www.big5sportinggoods.com
RNET		www.rig.net
GNFT		www.genfit.com
ACTCW		WebsiteNotFound
KRBP		www.kiromic.com
ACTCU		WebsiteNotFound
HYZD		WebsiteNotFound
VRAY		www.viewray.com
ALSK		www.alaskacommunications.com
SYTAW		WebsiteNotFound
GNRSU		WebsiteNotFound
GNRSW		WebsiteNotFound
RNDM		WebsiteNotFound
MGEN		www.miragen.com
RESN		www.resonant.com
RNDV		WebsiteNotFound
DMLP		www.dmlp.net
WDAY		www.workday.com
ALTY		WebsiteNotFound
FSRV		finservacquisition.com
VIOT		www.viomi.com.cn
BOWX		WebsiteNotFound
ALTR		www.altair.com
ALTM		www.altusmidstream.com
CJJD		www.jiuzhou-drugstore.com
ICLR		www.iconplc.com
GLG		www.imbatcar.com
LDEM		WebsiteNotFound
SHYF		www.theshyftgroup.com
VIRC		www.virco.com
ICMB		www.cmfn-inc.com
CMFNL		WebsiteNotFound
PHAT		www.phathompharma.com
ADES		www.advancedemissionssolutions.com
PHAS		phasebio.com
MGIC		www.magicsoftware.com
VIACA		www.viacbs.com
VIRT		www.virtu.com
BOXL		investors.boxlight.com
TWNKW		www.hostessbrands.com
FBRX		www.fortebiorx.com/home/default.aspx
MOXC		www.moxianglobal.com
FSTR		www.lbfoster.com
MXIM		www.maximintegrated.com
FSTX		www.f-star.com
WLTW		www.willistowerswatson.com
XBIOW		WebsiteNotFound
ITMR		www.itamar-medical.com
VRCA		www.verrica.com
BWACU		WebsiteNotFound
KIRK		www.kirklands.com
LUXAU		WebsiteNotFound
GEVO		www.gevo.com
ALVR		www.allovir.com
ICLK		www.i-click.com
TTMI		www.ttm.com
FBSS		www.tfb.bank
ICLN		WebsiteNotFound
TANNL		WebsiteNotFound
EYES		www.secondsight.com
TANNI		WebsiteNotFound
VITL		www.vitalfarms.com
TTOO		www.t2biosystems.com
VREX		www.vareximaging.com
OVBC		www.ovbc.com
SQLV		WebsiteNotFound
DMRC		www.digimarc.com
ICON		www.iconixbrand.com
IEAWW		WebsiteNotFound
TCMD		www.tactilemedical.com
WDFC		www.wd40company.com
VISL		www.vislink.com
TTNP		www.titanpharm.com
EPSN		www.epsilonenergyltd.com
FIIIW		WebsiteNotFound
DVAX		www.dynavax.com
PAVMW		www.pavmed.com
ALYA		www.alithya.com
ITOS		www.iteostherapeutics.com
UFPI		www.ufpi.com
FIIIU		WebsiteNotFound
VACQ		WebsiteNotFound
UFPT		www.ufpt.com
PPSI		www.pioneerpowersolutions.com
JOBS		www.51job.com
PAVMZ		WebsiteNotFound
PAE		www.pae.com
EYEG		www.eyegatepharma.com
ALXO		www.alxoncology.com
EYEN		www.eyenoviabio.com
PHCF		www.puhuiwealth.com
ALXN		www.alexion.com
ITRI		www.itron.com/na
ITRM		www.iterumtx.com
VIVO		www.meridianbioscience.com
ITRN		www.ituran.com
TCPC		www.tcpcapital.com
GPP		www.greenplainspartners.com
GNLN		www.gnln.com
VIVE		www.viveve.com
RNLC		WebsiteNotFound
YSAC		WebsiteNotFound
JOET		WebsiteNotFound
ADIL		www.adialpharma.com
GNMA		WebsiteNotFound
CHPMU		WebsiteNotFound
BGNE		www.beigene.com
CHPMW		WebsiteNotFound
TCON		www.traconpharma.com
TCOM		www.trip.com
PCB		www.paccity.net
REYN		www.reynoldsconsumerproducts.com
PCH		www.potlatchdeltic.com
MGLN		www.magellanhealth.com
ICPT		www.interceptpharma.com
ZEAL		www.zealandpharma.com
MGNX		www.macrogenics.com
CSCO		www.cisco.com
CBAY		www.cymabay.com
LUMO		www.lumos-pharma.com
TCRR		www.tcr2.com
CBAT		www.cbak.com.cn
PDD		www.pinduoduo.com
CBAN		www.colonybank.com
SQQQ		WebsiteNotFound
PDP		WebsiteNotFound
TTTN		WebsiteNotFound
CSBR		www.championsoncology.com
LUNA		www.lunainc.com
DMTK		www.dermtech.com
GSM		www.ferroglobe.com
GNMK		www.genmarkdx.com
ADMA		www.admabiologics.com
RNLX		www.renalytixai.com
LULU		www.lululemon.com
MGNI		www.magnite.com
NBAC		WebsiteNotFound
VRIG		WebsiteNotFound
RNMC		WebsiteNotFound
IMACW		WebsiteNotFound
GTH		www.genetronhealth.com
PEP		www.pepsico.com
CSCW		www.colorstarinternational.com
BXRX		www.baudaxbio.com
PEZ		WebsiteNotFound
SIBN		si-bone.com
PEY		WebsiteNotFound
NSEC		www.nationalsecuritygroup.com
ICUI		www.icumed.com
PFC		www.fdef.com
GNPX		www.genprex.com
PFG		www.principal.com
PFF		WebsiteNotFound
PFI		WebsiteNotFound
PFM		WebsiteNotFound
ADMS		www.adamaspharma.com
DMXF		WebsiteNotFound
ADMP		www.adamispharmaceuticals.com
KRMA		WebsiteNotFound
KRMD		www.korumedical.com
HIBB		www.hibbett.com
LUNG		pulmonx.com
GNOM		WebsiteNotFound
MPAA		www.motorcarparts.com
ADOC		WebsiteNotFound
KRKR		www.36Kr.com
PGC		www.pgbank.com
AUPH		www.auriniapharma.com
PGJ		WebsiteNotFound
GWAC		WebsiteNotFound
MGPI		www.mgpingredients.com
PHIO		www.phiopharma.com
EPZM		www.epizyme.com
GVP		www.gses.com
AMAT		www.appliedmaterials.com
NBEV		www.newagebev.com
TLGT		www.teligent.com
CSGS		www.csgi.com
KALV		www.kalvista.com
RFAP		WebsiteNotFound
CSGP		www.costargroup.com
VRNA		www.veronapharma.com
AMAL		www.amalgamatedbank.com
GNRS		WebsiteNotFound
AMAG		WebsiteNotFound
KRNT		www.kornit.com
KRNY		www.kearnybank.com
FTAG		WebsiteNotFound
SIEB		www.siebertnet.com
PHO		WebsiteNotFound
LMAT		www.lemaitre.com
MCMJW		WebsiteNotFound
SIEN		sientra.com
VALU		www.valueline.com
BGRN		WebsiteNotFound
OVID		www.ovidrx.com
KALA		www.kalarx.com
PID		WebsiteNotFound
PIE		WebsiteNotFound
PIH		www.1347pih.com
MGRC		www.mgrc.com
CBFV		www.communitybank.tv
AMBA		www.ambarella.com
PIO		WebsiteNotFound
ADPT		www.adaptivebiotech.com
KALU		www.kaiseraluminum.com
VRME		www.verifyme.com
TTWO		www.take2games.com
PIZ		WebsiteNotFound
CSIQ		www.canadiansolar.com
ADRE		WebsiteNotFound
FCAL		WebsiteNotFound
GNTX		www.gentex.com
AMCI		www.amciacquisition.com
FCAP		www.firstharrison.com
XPER		www.xperi.com
GNTY		www.gnty.com
LFTRU		WebsiteNotFound
BPFH		www.bostonprivate.com
CSII		www.csi360.com
SIFY		www.sifytechnologies.com
OVLY		www.ovcb.com
AMCA		WebsiteNotFound
NSIT		www.insight.com
SIGA		www.siga.com
HTLFP		www.htlf.com
EYPT		eyepointpharma.com
PYPD		www.polypid.com
FCBC		www.firstcommunitybank.com
SIGI		www.selective.com
FTCS		WebsiteNotFound
GFED		www.gbankmo.com
RFDI		WebsiteNotFound
MGTA		www.magentatx.com
ADSK		www.autodesk.com
KRON		kronosbio.com
GNSS		genasys.com
KROS		www.kerostx.com
VRNS		www.varonis.com
RNSC		WebsiteNotFound
VRNT		www.verint.com
HIFS		www.hinghamsavings.com
AUTO		www.autoweb.com
LMBS		WebsiteNotFound
AUTL		www.autolus.com
TANNZ		WebsiteNotFound
XPEL		www.xpel.com
MGTX		www.meiragtx.com
DVLU		WebsiteNotFound
RNST		investors.renasant.com
PKW		WebsiteNotFound
AMCX		www.amcnetworks.com
FCAC		WebsiteNotFound
RFEU		WebsiteNotFound
ADTN		www.adtran.com
PLC		WebsiteNotFound
NBIX		www.neurocrine.com
FCCO		www.firstcommunitysc.com
DVOL		WebsiteNotFound
AMEH		www.apollomed.net
PLL		www.piedmontlithium.com
FCCY		www.1stconstitution.com
AMED		www.amedisys.com
EQBK		www.equitybank.com
FTEK		www.ftek.com
GRCYW		WebsiteNotFound
LSACU		www.lifesciacquisition.com
CBIO		www.catalystbiosciences.com
GRCYU		WebsiteNotFound
PLW		WebsiteNotFound
LSACW		WebsiteNotFound
IMRNW		WebsiteNotFound
LMFA		www.lmfunding.com
VRRM		www.verramobility.com
PYPL		www.paypal.com
GNUS		www.gnusbrands.com
PMD		www.psychemedics.com
LDSF		WebsiteNotFound
HIHO		www.highwayholdings.com
PME		www.ptmarine.com
FCBP		www.firstchoicebankca.com
GWGH		www.gwgh.com
DEMZ		WebsiteNotFound
UONE		www.urban1.com
ADTX		www.aditxt.com
AUVI		www.applieduvinc.com
RFEM		WebsiteNotFound
FTDR		www.frontdoorhome.com
CBLI		www.cbiolabs.com
ADVM		www.adverum.com
FCEL		www.fuelcellenergy.com
KRTX		www.karunatx.com
TLND		www.talend.com
FTGC		WebsiteNotFound
AMGN		www.amgen.com
AVCTW		WebsiteNotFound
CSML		WebsiteNotFound
FLACU		WebsiteNotFound
VRTS		www.virtus.com
VRTU		www.virtusa.com
MGYR		www.magbank.com
DENN		www.dennys.com
ADUS		www.addus.com
CBMG		www.cellbiomedgroup.com
ILMN		www.illumina.com
QTEC		WebsiteNotFound
TLMD		www.soctelemed.com
HOVNP		WebsiteNotFound
CBMB		www.chesapeakebank.com
RNWK		www.realnetworks.com
AMHC		WebsiteNotFound
VRSK		www.verisk.com
FTFT		www.ftftex.com
FCEF		WebsiteNotFound
PTVCA		www.protectiveinsurance.com
PTVCB		www.protectiveinsurance.com
VRSN		www.verisign.com
ADXS		www.advaxis.com
PPC		www.pilgrims.com
CBNK		capitalbankmd.com
ILPT		www.ilptreit.com
PPD		www.ppdi.com
ADXN		www.addextherapeutics.com
PPH		WebsiteNotFound
VJET		www.voxeljet.com
HIMX		www.himax.com.tw
VTRSV		WebsiteNotFound
CSOD		www.cornerstoneondemand.com
FTIV		WebsiteNotFound
SIMO		www.siliconmotion.com
DSACU		WebsiteNotFound
DSACW		WebsiteNotFound
NBLX		www.nblmidstream.com
KRUS		www.kurausa.com
VRTX		www.vrtx.com
FCFS		www.firstcash.com
SILC		www.silicom-usa.com
FTHI		WebsiteNotFound
RFIL		www.rfindustries.com
FTHM		www.FathomRealty.com
SILK		silkroadmed.com
CSPI		www.cspi.com
HZNP		www.horizontherapeutics.com
EHTH		www.ehealthinsurance.com
BPMC		www.blueprintmedicines.com
HAS		www.hasbro.com
CBPO		www.chinabiologic.com
JOUT		www.johnsonoutdoors.com
ONDS		www.ondas.com
AMKR		www.amkor.com
AMRHW		WebsiteNotFound
PRN		WebsiteNotFound
HBP		www.huttig.com
TLRY		www.tilray.com
IDCC		www.interdigital.com
SIOX		www.siogtx.com
HBT		ir.hbtfinancial.com
OESX		www.orionlighting.com
PSC		WebsiteNotFound
RWLK		www.rewalk.com
PSL		WebsiteNotFound
ONCS		oncosec.com
ONCR		www.oncorus.com
PSM		WebsiteNotFound
SINA		www.sina.com
BPOP		www.popular.com
ONCY		www.oncolyticsbiotech.com
SINO		www.sino-global.com
HCM		www.chi-med.com
PHUN		www.phunware.com
ONCT		www.oncternal.com
TDAC		www.tridentacquisitions.com
SINT		www.sintx.com
EBAYL		WebsiteNotFound
PTC		www.ptc.com
PTE		www.polarityte.com
PTF		WebsiteNotFound
PTI		www.proteostasis.com
PTH		WebsiteNotFound
CBRL		www.crackerbarrel.com
GWPH		www.gwpharm.com
PAEWW		WebsiteNotFound
HDS		www.hdsupply.com
KBNTW		WebsiteNotFound
LMNL		www.liminalbiosciences.com
NBRV		www.nabriva.com
NSTG		www.nanostring.com
CSSE		www.cssentertainment.com
CFACU		WebsiteNotFound
TLSA		www.tizianalifesciences.com
KRYS		www.krystalbio.com
ONEM		www.onemedical.com
FTLB		WebsiteNotFound
PUI		WebsiteNotFound
BHAT		bluehatgroup.com
HEC		www.hudsonexecutive.com/hudson-executive-investment-corp
SRAC		www.stableroadcapital.com
CBSH		www.commercebank.com
ONEQ		WebsiteNotFound
SRAX		www.srax.com
CSTR		www.capstarbank.com
NSSC		www.napcosecurity.com
ONEW		www.onewatermarine.com
CSTL		castlebiosciences.com
EQIX		www.equinix.com
AMNB		www.amnb.com
CSTE		www.caesarstone.com
FTOC		WebsiteNotFound
NBTB		www.nbtbancorp.com
ROAD		www.constructionpartners.net
NMMCW		WebsiteNotFound
AMOT		www.alliedmotion.com
NMMCU		www.nmmergercorp.com
QTNT		www.quotientbd.com
GWRS		www.gwresources.com
FORTY		www.formulasystems.com
BPRN		www.thebankofprinceton.com
SRDX		www.surmodics.com
ZEUS		www.olysteel.com
NBSE		www.neubasetherapeutics.com
CSWC		www.capitalsouthwest.com
ZNGA		www.zynga.com
LMNR		www.limoneira.com
SRCE		www.1stsource.com
LMNX		www.luminexcorp.com
SIRI		www.siriusxm.com
IDEX		www.ideanomics.com
SRCL		www.stericycle.com
UXIN		www.xin.com
QCLN		WebsiteNotFound
AVAV		www.avinc.com
FTNT		www.fortinet.com
ATNFW		WebsiteNotFound
SABR		www.sabre.com
AMPH		www.amphastar.com
CBTX		www.communitybankoftx.com
YIN		WebsiteNotFound
PXI		WebsiteNotFound
AMRB		www.americanriverbank.com
ROCK		www.gibraltar1.com
ROCH		WebsiteNotFound
PXS		www.pyxistankers.com
BYFC		www.broadwayfederalbank.com
DNKN		www.dunkinbrands.com
HHR		www.hh.ru
QCOM		www.qualcomm.com
HAFC		www.hanmi.com
LMRK		www.landmarkmlp.com
MYFW		www.myfw.com
BPTH		www.biopathholdings.com
CSWI		www.cswindustrials.com
SRGA		www.surgalign.com
AMSF		www.amerisafe.com
AMSC		www.amsc.com
AVDL		www.avadel.com
SRET		WebsiteNotFound
ROBT		WebsiteNotFound
SITM		www.sitime.com
LMPX		lmpmotors.com
PYZ		WebsiteNotFound
AMRS		www.amyris.com
GOCO		www.gohealth.com
AMRN		www.amarincorp.com
SREV		www.servicesource.com
AVCT		www.avctechnologies.com
AMRK		www.amark.com
AMRH		www.ameri100.com
AVCO		www.avalon-globocare.com
AVEO		www.aveooncology.com
LMST		www.limestonebank.com
AMTB		www.amerantbank.com
FTSL		WebsiteNotFound
LECO		www.lincolnelectric.com
LANDP		www.gladstonefarms.com
FTSM		WebsiteNotFound
LANDO		www.gladstonefarms.com
SVACU		WebsiteNotFound
SAGE		www.sagerx.com
SVACW		WebsiteNotFound
FCRD		www.thlcredit.com
QTRX		www.quanterix.com
ANDAR		WebsiteNotFound
AMST		www.amesite.com
ANDAU		WebsiteNotFound
ANDAW		WebsiteNotFound
VSAT		www.viasat.com
MPWR		www.monolithicpower.com
FTRI		WebsiteNotFound
SIVB		www.svb.com
DNLI		www.denalitherapeutics.com
AMTX		www.aemetis.com
EQOS		www.diginex.com
SAFM		www.sandersonfarms.com
MYGN		myriad.com
SAFT		www.safetyinsurance.com
TDIV		WebsiteNotFound
NSYS		www.nortechsys.com
AMTI		www.appliedmt.com
SAIA		www.saia.com
HLG		www.hailiangedu.com
AVGO		www.broadcom.com
CTAQU		WebsiteNotFound
RCHGW		WebsiteNotFound
RCHGU		WebsiteNotFound
SAII		WebsiteNotFound
EQRR		WebsiteNotFound
THBRU		WebsiteNotFound
THBRW		WebsiteNotFound
VSDA		WebsiteNotFound
NKLA		www.nikolamotor.com
BKEPP		www.bkep.com
FLEX		www.flex.com
KBAL		www.kimballinternational.com
AMWD		www.americanwoodmark.com
LEDS		www.semileds.com
GOGL		www.goldenocean.bm
QCRH		qcrh.q4ir.com
FLDM		www.fluidigm.com
GOGO		www.gogoair.com
IDLB		WebsiteNotFound
WVFC		www.wvsbank.com
BPYU		www.bpy.brookfield.com/en/bpr
AVGR		www.avinger.com
HAIN		www.hain.com
AVIR		www.ateapharma.com
PICO		www.picoholdings.com
LEGN		www.legendbiotech.com
LEGR		WebsiteNotFound
PNNTG		WebsiteNotFound
AVID		www.avid.com
FLGT		www.fulgentgenetics.com
AEGN		www.aegion.com
HRMY		www.harmonybiosciences.com
EIDX		www.eidostx.com
HALL		www.hallmarkgrp.com
FCVT		WebsiteNotFound
FTXD		WebsiteNotFound
FTXG		WebsiteNotFound
HALO		www.halozyme.com
FTXH		WebsiteNotFound
HOL		WebsiteNotFound
DWAS		WebsiteNotFound
LVHD		WebsiteNotFound
DWAT		WebsiteNotFound
DWAW		WebsiteNotFound
HPKEW		WebsiteNotFound
AEHR		www.aehr.com
ROIC		www.roireit.net
VSEC		www.vsecorp.com
AEHL		www.aehltd.com
LEGH		www.legacyhousingcorp.com
FLIC		www.fnbli.com
ROKU		www.roku.com
VBFC		www.villagebank.com
HPK		www.highpeakenergy.com
GHIVW		WebsiteNotFound
MRCCL		WebsiteNotFound
SAMA		www.samcospac.com
QAT		WebsiteNotFound
IMBI		www.imediabrands.com
GHIVU		www.gores.com
SAMG		www.silvercrestgroup.com
FLIR		www.flir.com
AEIS		www.advancedenergy.com
AMTBB		www.amerantbank.com
NTAP		www.netapp.com
BYND		www.beyondmeat.com
HROW		www.harrowinc.com
AMYT		www.amrytpharma.com
IUSB		WebsiteNotFound
TURN		www.180degreecapital.com
ROLL		www.rbcbearings.com
TMTSW		WebsiteNotFound
TMTSU		WebsiteNotFound
DWEQ		WebsiteNotFound
HQI		www.hirequest.com
FTXL		WebsiteNotFound
FTXO		WebsiteNotFound
IMAC		www.imacregeneration.com
FTXN		WebsiteNotFound
CTBI		www.ctbi.com
IMAB		www.i-mabbiopharma.com
QLGN		www.qualigeninc.com
FTXR		WebsiteNotFound
ONTXW		WebsiteNotFound
SALM		www.salemmedia.com
SRNE		www.sorrentotherapeutics.com
HQY		www.healthequity.com
CKPT		www.checkpointtx.com
MHLD		www.maiden.bm
CTAS		www.cintas.com
AMZN		www.amazon.com
SRPT		www.sarepta.com
AUBAP		www.atlanticunionbank.com
ONTX		www.onconova.com
ZNTL		www.zentalis.com
CCAP		www.crescentbdc.com
OFED		www.oconeefederal.com
NTCT		www.netscout.com
HAPP		www.happ.org.cn
TMDI		www.titanmedicalinc.com
GOOD		www.gladstonecommercial.com
AVNW		www.aviatnetworks.com
IUSG		WebsiteNotFound
AEMD		www.aethlonmedical.com
EIGI		www.endurance.com
HST		www.hosthotels.com
IDRA		www.iderapharma.com
TUSA		WebsiteNotFound
DSKEW		WebsiteNotFound
SANM		www.sanmina.com
MYOK		WebsiteNotFound
IUSV		WebsiteNotFound
IUSS		WebsiteNotFound
EIGR		www.eigerbio.com
SANW		www.swseedco.com
MYOS		WebsiteNotFound
DWFI		WebsiteNotFound
CCBG		www.ccbg.com
TDACW		WebsiteNotFound
TDACU		www.tridentacquisitions.com
TUSK		www.mammothenergy.com
NTEC		www.intecpharma.com
GMHIU		WebsiteNotFound
ROOT		joinroot.com
MYRG		www.myrgroup.com
FLMN		www.falconminerals.com
CTEC		WebsiteNotFound
NTES		ir.netease.com
YVR		www.liquidmediagroup.co
DFFN		www.diffusionpharma.com
HARP		www.harpoontx.com
GMHIW		WebsiteNotFound
CCCC		www.c4therapeutics.com
NKTR		www.nektar.com
GOOG		www.abc.xyz
NCBS		www.nicoletbank.com
CREXW		WebsiteNotFound
TZACU		WebsiteNotFound
TZACW		WebsiteNotFound
SRRA		www.sierraoncology.com
TMDX		www.transmedics.com
VBIV		www.vbivaccines.com
BYSI		www.beyondspringpharma.com
NKSH		www.nationalbankshares.com
ONVO		www.organovo.com
SRRK		scholarrock.com
AMSWA		www.amsoftware.com
SASR		www.sandyspringbank.com
VSMV		WebsiteNotFound
ANAB		www.anaptysbio.com
DFHT		WebsiteNotFound
HWC		www.hancockwhitney.com
NTGR		www.netgear.com
VBLT		www.vblrx.com
BOKFL		investor.bokf.com
CTHR		www.charlesandcolvard.com
NKTX		www.nkartatx.com
BHTG		www.biohitech.com
IMGN		www.immunogen.com
GGAL		www.gfgsa.com
AVRO		www.avrobio.com
FLNT		www.fluentco.com
KSMT		WebsiteNotFound
YTEN		www.yield10bio.com
HRTX		www.herontx.com
EQOSW		WebsiteNotFound
MYSZ		www.mysizeid.com
SRTS		www.sensushealthcare.com
CDMOP		www.avidbio.com
ANAT		www.americannational.com
IDYA		www.ideayabio.com
NTIC		www.ntic.com
AERI		www.aeriepharma.com
KSPN		www.kaspien.com
ANCN		www.anchiano.com
RGCO		www.rgcresources.com
ZNTEU		zaniteacquisition.com
DWMC		WebsiteNotFound
CRESY		www.cresud.com.ar
PINC		www.premierinc.com
CTIC		www.ctibiopharma.com
CTIB		www.ctiindustries.com
VSPR		WebsiteNotFound
EZPW		www.ezcorp.com
FDBC		www.bankatfidelity.com
SAVA		www.cassavasciences.com
OFIX		www.orthofix.com
AESE		www.alliedesportsent.com
IDXG		www.wearepdi.com
GOSS		www.gossamerbio.com
DWLD		WebsiteNotFound
SATS		www.echostar.com
ANDE		www.andersonsinc.com
ANDA		WebsiteNotFound
UPLD		uplandsoftware.com
ROST		www.rossstores.com
IDXX		www.idexx.com
KBNT		kubient.com
GXGX		WebsiteNotFound
OFLX		www.omegaflexcorp.com
PRAA		www.pragroup.com
GOVX		www.geovax.com
PRAH		prahs.com
JYAC		WebsiteNotFound
PRAX		www.praxismedicines.com
WNEB		www.westfieldbank.com
HRZN		www.horizontechfinance.com
NTLA		www.intelliatx.com
LNDC		www.landec.com
WERN		www.werner.com
LESL		lesliespool.com
RGEN		www.repligen.com
IMNM		immunome.com
VSTA		www.vastaedu.com.br
CTMX		www.cytomx.com
PAAS		www.panamericansilver.com
FLUX		www.fluxpower.com
KBSF		www.kbsfashion.com
PRCP		www.perceptron.com
ANGO		www.angiodynamics.com
ANGL		WebsiteNotFound
HECCW		WebsiteNotFound
LEVL		www.levelonebank.com
HECCU		www.hudsonexecutive.com/hudson-executive-investment-corp
LNGR		WebsiteNotFound
ACEVU		WebsiteNotFound
ANGI		www.angihomeservices.com
ACEVW		WebsiteNotFound
UHAL		www.amerco.com
HJLI		www.hancockjaffe.com
VSTM		www.verastem.com
DFNL		WebsiteNotFound
PIRS		www.pieris.com
QDEL		www.quidel.com
DFPH		WebsiteNotFound
IMMP		www.immutep.com
WETF		www.wisdomtree.com
IMMR		www.immersion.com
HAYN		www.haynesintl.com
DWPP		WebsiteNotFound
HTOOW		www.fusion-fuel.eu
AVXL		www.anavex.com
WVVI		www.wvv.com
CCLP		www.csicompressco.com
PACW		www.pacwestbancorp.com
ANIX		www.anixa.com
FLWS		www.1800flowers.com
CCNE		www.cnbbank.bank
DWSH		WebsiteNotFound
ANIP		www.anipharmaceuticals.com
CCNC		www.tmsr-ltd.com
NCNA		www.nucana.com
DWSN		www.dawson3d.com
SPKEP		www.sparkenergy.com
ANIK		www.anikatherapeutics.com
NCNO		www.ncino.com
VBTX		www.veritexbank.com
CCMP		www.cmcmaterials.com
FLXN		www.flexiontherapeutics.com
DOCU		www.docusign.com
TBLTW		WebsiteNotFound
CCOI		www.cogentco.com
PRDO		www.perdoceoed.com
IAC		www.iac.com
IMOS		www.chipmos.com
IVAC		www.intevac.com
AEYE		www.audioeye.com
QQQ		WebsiteNotFound
NTNX		www.nutanix.com
NCMI		www.ncm.com
PACB		www.pacb.com
ERES		WebsiteNotFound
KERNW		WebsiteNotFound
WEYS		www.weycogroup.com
KBWB		WebsiteNotFound
IMRN		www.immuron.com.au
AEZS		www.zentaris.com
CLAR		www.claruscorp.com
KBWD		WebsiteNotFound
IBB		WebsiteNotFound
FDIV		WebsiteNotFound
PBCTP		www.peoples.com
PRGS		www.progress.com
RGLD		www.royalgold.com
BEEMW		WebsiteNotFound
QLYS		www.qualys.com
DWUS		WebsiteNotFound
KBWR		WebsiteNotFound
NTRA		www.natera.com
KBWP		WebsiteNotFound
PRGX		www.prgx.com
HSAQ		WebsiteNotFound
KBWY		WebsiteNotFound
RGLS		www.regulusrx.com
QUIK		www.quicklogic.com
RILYI		WebsiteNotFound
FLXS		www.flexsteel.com
RILYH		WebsiteNotFound
CLBS		www.caladrius.com
RILYG		WebsiteNotFound
PAICW		WebsiteNotFound
RILYP		www.brileyfin.com
RILYM		WebsiteNotFound
CLBK		www.columbiabankonline.com
RILYL		www.brileyfin.com
RILYO		WebsiteNotFound
LIXTW		www.lixte.com
PAICU		WebsiteNotFound
RILYN		WebsiteNotFound
IMRA		imaratx.com
PRFX		www.painreform.com
CTRN		www.cititrends.com
CTRM		www.castormaritime.com
PRFZ		WebsiteNotFound
RILYZ		WebsiteNotFound
PRFT		www.perficient.com
TEAM		www.atlassian.com
CTRE		www.caretrustreit.com
SSBI		summitstatebank.com
CCRN		www.crosscountryhealthcare.com
PNFPP		www.pnfp.com
PRIM		www.primoriscorp.com
CLCT		www.collectorsuniverse.com
HBAN		www.huntington.com
UPWK		www.upwork.com
PAHC		www.pahc.com
IMTX		www.immatics.com
CCRC		www.ccrc.com
QTT		www.qutoutiao.net
CTSO		www.cytosorbents.com
IDN		intellicheck.com
PZZA		www.papajohns.com
YLCO		WebsiteNotFound
SBAC		www.sbasite.com
CTSH		www.cognizant.com
RGNX		www.regenxbio.com
MUDSU		WebsiteNotFound
DOGZ		www.dognesspet.com
PIXY		www.shiftpixy.com
TMTS		WebsiteNotFound
NTRP		WebsiteNotFound
CLDX		www.celldex.com
NTRS		www.northerntrust.com
YTRA		www.yatra.com
IEA		www.iea.net
IEC		www.iec-electronics.com
ERIC		www.ericsson.com
FULC		www.fulcrumtx.com
ANNX		www.annexonbio.com
ERIE		www.erieinsurance.com
IEF		WebsiteNotFound
IEI		WebsiteNotFound
ERII		www.energyrecovery.com
TECH		www.bio-techne.com
IEP		www.ielp.com
FULT		www.fult.com
IMTE		www.imtechltd.com
CLDB		www.cortlandbank.com
IMVT		www.immunovant.com
NTUS		www.natus.com
STWOU		WebsiteNotFound
CLEU		www.chinaliberal.com
HBCP		www.home24bank.com
STWOW		WebsiteNotFound
RPAY		www.repay.com
SBCF		www.seacoastbanking.com
IFV		WebsiteNotFound
FDNI		WebsiteNotFound
NCTY		www.the9.com
PRLD		www.preludetx.com
FUND		sprottfocustrust.com
FUNC		www.mybank.com
IMUX		www.immunic-therapeutics.com
TEDU		ir.tedu.cn
IGF		WebsiteNotFound
QUMU		www.qumu.com
NCSM		www.ncsmultistage.com
NHICU		WebsiteNotFound
PAIC		WebsiteNotFound
NHICW		WebsiteNotFound
BICK		WebsiteNotFound
TMUS		www.t-mobile.com
CLFD		www.seeclearfield.com
HSDT		heliusmedical.com
RIDEW		WebsiteNotFound
SBBP		www.strongbridgebio.com
YLDE		WebsiteNotFound
ANPC		www.anpacbio.com
GXTG		WebsiteNotFound
BIDU		www.baidu.com
CLGN		www.collplant.com
FMAO		www.fm.bank
LWAY		www.lifewaykefir.com
PIHPP		www.1347pih.com
BHFAL		WebsiteNotFound
III		WebsiteNotFound
MICT		www.mict-inc.com
BHFAP		www.brighthousefinancial.com
BHFAO		www.brighthousefinancial.com
BHFAN		www.brighthousefinancial.com
IIN		www.intricon.com
CTXS		www.citrix.com
CTXR		www.citiuspharma.com
IMXI		www.intermexonline.com
MIDD		www.middleby.com
GOODN		www.gladstonecommercial.com
GOODM		www.gladstonecommercial.com
NTWK		www.netsoltech.com
LFAC		www.lfcapital.co
ANTE		www.airmedia.net.cn
ITACW		WebsiteNotFound
LNSR		www.lensar.com
PAND		www.pandiontx.com
ITACU		WebsiteNotFound
HSIC		www.henryschein.com
HSII		www.heidrick.com
PANL		www.pangaeals.com
FUSN		fusionpharma.com
PROV		www.myprovident.com
CLIR		www.clearsign.com
DOMO		www.domo.com
CCXI		www.chemocentryx.com
IJT		WebsiteNotFound
ANSS		www.ansys.com
LNTH		www.lantheus.com
SBGI		www.sbgi.net
PRPL		purple.com
PRPH		www.prophaselabs.com
BNGOW		WebsiteNotFound
FREEW		WebsiteNotFound
FMBH		www.firstmid.com
FMBI		www.firstmidwest.com
QURE		www.uniqure.com
SBFG		ir.yourstatebank.com
JYNT		www.thejoint.com
BIGC		investors.bigcommerce.com
PROF		www.profoundmedical.com
FUSB		www.firstusbank.com
PROG		www.progenity.com
HSKA		www.heska.com
GOOGL		www.abc.xyz
HBIO		www.harvardbioscience.com
TELA		www.telabio.com
PRQR		www.proqr.com
DOOO		www.brp.com
TELL		www.tellurianinc.com
FDTS		WebsiteNotFound
PRPO		www.precipiodx.com
NOVSU		novuscapitalcorporation.com
NOVSW		WebsiteNotFound
KTCC		www.keytronic.com
QMCO		www.quantum.com
CLLS		www.cellectis.com
FUTU		www.futuholdings.com
IMV		www.imv-inc.com
BIIB		www.biogen.com
EYESW		WebsiteNotFound
TENB		www.tenable.com
VERBW		WebsiteNotFound
INM		www.inmedpharma.com
PRTA		www.prothena.com
INO		www.inovio.com
CLMT		www.calumetspecialty.com
VKTX		www.vikingtherapeutics.com
MFINL		www.medallion.com
PRTH		www.prth.com
PRTC		www.puretechhealth.com
OXBR		www.oxbridgere.com
PRTK		paratekpharma.com
TENX		www.tenaxthera.com
EAST		www.eastsidedistilling.com
DXCM		www.dexcom.com
AFIB		www.acutusmedical.com
SSKN		www.strataskinsciences.com
WHLRD		www.whlr.us
WHLRP		www.whlr.us
PRSC		www.prscholdings.com
FDUS		www.fdus.com
EARS		www.aurismedical.com
CLNE		www.cleanenergyfuels.com
SSNT		www.silversuntech.com
FITBO		www.53.com
FITBP		www.53.com
PATI		www.patriottrans.com
FDUSZ		WebsiteNotFound
FITBI		www.53.com
TNAV		www.telenav.com
CONXU		WebsiteNotFound
FDUSL		WebsiteNotFound
HSON		am.hudsonrpo.com
PRVB		www.proventionbio.com
INBK		www.firstinternetbancorp.com
PATK		www.patrickind.com
VTGN		www.vistagen.com
HBNC		www.horizonbank.com
CLOU		WebsiteNotFound
MIME		www.mimecast.com
NUAN		www.nuance.com
FDUSG		WebsiteNotFound
RBB		www.royalbusinessbankusa.com
AFIN		www.americanfinancetrust.com
INBX		www.inhibrx.com
BILI		www.bilibili.com
PRVL		www.prevailtherapeutics.com
PASG		www.passagebio.com
PRTS		www.carparts.com
DORM		www.dormanproducts.com
FMHI		WebsiteNotFound
LGHLW		WebsiteNotFound
SBLK		www.starbulk.com
PXSAP		www.pyxistankers.com
AAL		www.aa.com
CUBA		WebsiteNotFound
HBMD		www.howardbank.com
CLPT		www.clearpointneuro.com
CLPS		www.clpsglobal.com
SSNC		www.ssctech.com
INAQ		WebsiteNotFound
MILN		WebsiteNotFound
BIMI		www.bimihc.com
VCEL		vcel.com
RCM		www.r1rcm.com
NLOK		www.nortonLifeLock.com
RYAAY		www.ryanair.com
CLRG		WebsiteNotFound
INDB		www.rocklandtrust.com
NDAQ		www.nasdaq.com
OXFD		www.oxfordimmunotec.com
BIOC		biocept.com
LMRKP		WebsiteNotFound
CLRB		www.cellectar.com
LMRKO		WebsiteNotFound
LMRKN		WebsiteNotFound
PAVM		www.pavmed.com
VTIP		WebsiteNotFound
IESC		www.ies-co.com
PXSAW		WebsiteNotFound
DXGE		WebsiteNotFound
CDAK		www.codiakbio.com
RDI		www.readingrdi.com
INDY		WebsiteNotFound
VTHR		WebsiteNotFound
AFMD		www.affimed.com
CYCCP		www.cyclacel.com
CLSD		www.clearsidebio.com
TBKCP		www.triumphbancorp.com
REG		www.regencycenters.com
MIND		mind-technology.com
CLRO		www.clearone.com
INCY		www.incyte.com
BIOL		www.biolase.com
IMKTA		www.ingles-markets.com
SBNY		www.signatureny.com
SSPK		silverspikecap.com
ITI		www.iteris.com
ADI		www.analog.com
INFI		www.infi.com
MRBK		www.meridianbanker.com
ADP		www.adp.com
INFN		www.infinera.com
ZVO		www.zovio.com
ADV		advantagesolutions.net
INFR		WebsiteNotFound
MAAC		WebsiteNotFound
IEUS		WebsiteNotFound
SBRA		www.sabrahealth.com
CLSN		www.celsion.com
FMNB		www.farmersbankgroup.com
FULTP		www.fult.com
XRAY		www.dentsplysirona.com
PAYA		paya.com
CLSK		www.cleanspark.com
TVTY		www.tivityhealth.com
SBPH		WebsiteNotFound
TVTX		WebsiteNotFound
ERYP		www.erytech.com
TNDM		www.tandemdiabetes.com
IUS		WebsiteNotFound
EOSEW		WebsiteNotFound
AEP		www.aep.com
GPOR		WebsiteNotFound
VCIT		WebsiteNotFound
AEY		www.addvantagetechnologies.com
IVA		www.inventivapharma.com
MRAM		www.everspin.com
TESS		www.tessco.com
BPOPN		WebsiteNotFound
BPOPM		WebsiteNotFound
RGP		www.rgp.com
SSRM		www.ssrmining.com
SBSI		www.southside.com
LOAC		WebsiteNotFound
DOYU		www.douyu.com
GPRO		www.gopro.com
CDEV		www.cdevinc.com
LOAN		www.manhattanbridgecapital.com
MIST		www.milestonepharma.com
DGICB		www.donegalgroup.com
DGICA		www.donegalgroup.com
AGC		WebsiteNotFound
FVAM		WebsiteNotFound
VCLT		WebsiteNotFound
MACK		www.merrimack.com
MRCC		www.monroebdc.com
EUCRU		WebsiteNotFound
HSTM		www.healthstream.com
NLTX		www.neoleukin.com
SSSS		www.surocap.com
HSTO		www.histogen.com
BZUN		www.baozun.com
INGN		www.inogen.com
PAYS		www.paysign.com
MIRM		mirumpharma.com
SSTI		www.shotspotter.com
PAYX		www.paychex.com
AWRE		www.aware.com
CLVS		www.clovisoncology.com
DGII		www.digi.com
DXJS		WebsiteNotFound
GPRE		www.gpreinc.com
MRCY		www.mrcy.com
OXLC		www.oxfordlanecapital.com
LOCO		www.elpolloloco.com
FVCB		www.fvcbank.com
SBUX		www.starbucks.com
AIA		WebsiteNotFound
CLWT		www.euro-tech.com
VCNX		www.vaccinex.com
AIH		ir.aihgroup.net
RPRX		www.royaltypharma.com
BIVI		www.biovieinc.com
AIQ		WebsiteNotFound
VTNR		www.vertexenergy.com
MREO		www.mereobiopharma.com
KTOS		www.kratosdefense.com
TECTP		WebsiteNotFound
DXLG		www.dxl.com
KTOV		www.kitovpharma.com
MITO		www.stealthbt.com
SBTX		www.silverbacktx.com
MITK		www.miteksystems.com
CLXT		www.calyxt.com
FTIVU		WebsiteNotFound
FTIVW		WebsiteNotFound
PSAC		WebsiteNotFound
MDRRP		www.medalistreit.com
USWSW		WebsiteNotFound
DGLY		www.digitalallyinc.com
VTRN		WebsiteNotFound
ESBK		www.elmirasavingsbank.com
VTRS		www.viatris.com
INMB		www.inmunebio.com
SSYS		www.stratasys.com
INMD		www.inmodemd.com
KLAC		www.kla.com
FCACW		WebsiteNotFound
RPTX		www.reparerx.com
ARBGU		WebsiteNotFound
AKU		www.akumin.com
FCACU		WebsiteNotFound
BRID		www.bridgford.com
RMR		www.rmrgroup.com
KTRA		www.kintara.com
NMFCL		www.newmountainfinance.com
PSCE		WebsiteNotFound
PSCD		WebsiteNotFound
PSCF		WebsiteNotFound
RNA		www.aviditybiosciences.com
LOGI		www.logitech.com
PSCC		WebsiteNotFound
PSCM		WebsiteNotFound
TRITW		WebsiteNotFound
ALT		altimmune.com
PSCI		WebsiteNotFound
PSCH		WebsiteNotFound
KLDO		www.kaleido.com
PSCU		WebsiteNotFound
LFVN		www.lifevantage.com
PSCT		WebsiteNotFound
DGNS		WebsiteNotFound
AMD		www.amd.com
INOD		www.innodata.com
NDLS		www.noodles.com
ZGNX		www.zogenix.com
MAGS		magalsecurity.com
AGBAU		WebsiteNotFound
AGBAW		WebsiteNotFound
BRKS		www.brooks.com
BRKR		www.bruker.com
SVSVW		www.sv-ac.com
DXPE		www.dxpe.com
VTRU		www.vitru.com.br
FMTX		www.formatherapeutics.com
ESCA		escaladeinc.com
BRKL		www.brooklinebancorp.com
MRIN		www.marinsoftware.com
CDLX		www.cardlytics.com
EBAY		www.ebayinc.com
SVSVU		www.sv-ac.com
AGBAR		WebsiteNotFound
SIVBP		www.svb.com
LFUS		www.littelfuse.com
LOGC		www.logicbio.com
VTSI		www.virtra.com
MRLN		marlincapitalsolutions.com
VCTR		www.vcm.com
PSEC		www.prospectstreet.com
PBCT		www.peoples.com
RPD		www.rapid7.com
CDNA		www.caredx.com
ANY		www.sphere3d.com
INPX		www.inpixon.com
OPBK		www.myopenbank.com
BRLI		WebsiteNotFound
VTVT		www.vtvtherapeutics.com
PSET		WebsiteNotFound
CDMO		www.avidbio.com
DHCNL		www.dhcreit.com
DHCNI		WebsiteNotFound
MRKR		www.markertherapeutics.com
DGRE		WebsiteNotFound
ESEA		www.euroseas.gr
VCSH		WebsiteNotFound
VLDR		www.velodynelidar.com
INOV		www.inovalon.com
GHIV		www.gores.com
APA		www.apachecorp.com
AFYA		www.afya.com.br
JAN		www.janone.com
CDNS		www.cadence.com
API		www.agora.io
XAIR		www.beyondair.net
APM		www.aptorumgroup.com
FEIM		freqelec.com
MAACU		WebsiteNotFound
MRNS		www.marinuspharma.com
AQB		www.aquabounty.com
RRR		www.redrockresorts.com
TWCT		WebsiteNotFound
MLACU		WebsiteNotFound
INSE		www.inseinc.com
MLACW		WebsiteNotFound
DGRW		WebsiteNotFound
KLIC		www.kns.com
RMGBU		www.rmgacquisition.com
PBFS		www.pioneerny.com
DGRS		WebsiteNotFound
INSG		www.inseego.com
YMAB		www.ymabs.com
INSM		www.insmed.com
SKOR		WebsiteNotFound
OXSQ		www.ticc.com
OPCH		www.optioncarehealth.com
VTWG		WebsiteNotFound
BANF		www.bancfirst.bank
CMBM		www.cambiumnetworks.com
BAND		www.bandwidth.com
ESGD		WebsiteNotFound
ESGE		WebsiteNotFound
OCCIP		www.ofscreditcompany.com
VTWV		WebsiteNotFound
CURI		www.curiositystream.com
BROG		www.broogeholdings.com
OPINL		WebsiteNotFound
PAYAW		WebsiteNotFound
ESGR		www.enstargroup.com
MAACW		WebsiteNotFound
JCS		www.commsystems.com
ESGU		WebsiteNotFound
MRNA		www.modernatx.com
OPINI		www.opireit.com/home/default.aspx
VTWO		WebsiteNotFound
NDRA		www.endrainc.com
NMCI		www.navios-containers.com
HTBX		www.heatbio.com
CMCT		www.cimcommercial.com
INTU		www.intuit.com
STBA		www.stbancorp.com
RTH		WebsiteNotFound
PBHC		www.pathfinderbank.com
CMCO		www.cmworks.com
INTZ		www.intrusion.com
HCAP		www.harvestcapitalcredit.com
HCAT		www.healthcatalyst.com
BANX		www.stonecastle-financial.com/company.jsp
FELE		www.franklin-electric.com
ASO		www.academy.com
BANR		www.bannerbank.com
BRPA		www.bigrockpartners.com/spac/spac_aboutus.html
NURO		www.neurometrix.com
STAF		www.staffing360solutions.com
PSHG		www.pshipping.com
STAA		www.staar.com
OPES		www.opesacquisitioncorp.com
RUN		www.sunrun.com
BRQS		www.borqs.com
MANH		www.manh.com
CUTR		www.cutera.com
HTBI		www.htb.com
HTBK		www.heritagecommercecorp.com
INTC		www.intel.com
MANT		www.mantech.com
INTG		www.intgla.com
HCAC		www.hennessycapllc.com
STAY		extendedstayamerica.com
HCCI		www.crystal-clean.com
HCCH		WebsiteNotFound
FEMS		WebsiteNotFound
WOOD		WebsiteNotFound
IMTXW		WebsiteNotFound
LOOP		www.loopindustries.com
DXYN		www.thedixiegroup.com
AUB		www.atlanticunionbank.com
GYRO		www.gyrodyne.com
HBANN		www.huntington.com
FENC		www.fennecpharma.com
ESLT		elbitsystems.com
NUVA		www.nuvasive.com
JFU		www.9fgroup.com
NMFC		www.newmountainfinance.com
LOPE		www.gce.com
TFFP		WebsiteNotFound
HBANO		www.huntington.com
VCYT		www.veracyte.com
QRTEP		www.qurateretail.com
UIHC		www.upcinsurance.com
STCN		www.steelconnectinc.com
QRTEB		www.qurateretail.com
EBIX		www.ebix.com
OPGN		www.opgen.com
EBIZ		WebsiteNotFound
GRNVR		WebsiteNotFound
QELL		WebsiteNotFound
AMCIW		WebsiteNotFound
INVA		www.inva.com
AMCIU		www.amciacquisition.com
FEMB		WebsiteNotFound
QRTEA		www.qurateretail.com
NDSN		www.nordson.com
INVE		www.identiv.com
AXAS		www.abraxaspetroleum.com
OPHC		www.optimumbank.com
AVO		www.worldsfinestavocados.com
CDTX		www.cidara.com
INVO		www.invobioscience.com
PBIP		www.psbanker.com
AVT		www.avnet.com
PBLA		www.panbela.com
MASI		www.masimo.com
GRNVW		WebsiteNotFound
BASI		www.basinc.com
GRNVU		WebsiteNotFound
MRTX		www.mirati.com
PSMT		www.pricesmart.com
RXT		www.rackspace.com
TWIN		www.twindisc.com
AWH		www.aspirawh.com
HTGM		www.htgmolecular.com
TNXP		www.tonixpharma.com
ZGYH		WebsiteNotFound
GHSI		www.guardionhealth.com
TCFCP		ir.tcfbank.com
LORL		www.loral.com
IFGL		WebsiteNotFound
MARA		www.marathonpg.com
HCDI		www.harborcustomhomes.com
GXGXU		WebsiteNotFound
GXGXW		WebsiteNotFound
MRSN		www.mersana.com
STEP		www.stepstoneglobal.com
MARK		www.remarkholdings.com
HYMCW		www.hycroftmining.com
HYMCZ		WebsiteNotFound
FATBW		WebsiteNotFound
STFC		www.stateauto.com
AGBA		WebsiteNotFound
MRTN		www.marten.com
FATBP		www.fatbrands.com
CDXS		www.codexis.com
HTIA		www.healthcaretrustinc.com
INZY		www.inozyme.com
FNCB		www.fncb.com
LXEH		WebsiteNotFound
ESPO		WebsiteNotFound
ESPR		www.esperion.com
CDXC		www.chromadex.com
AXDX		acceleratediagnostics.com
NUZE		www.mynuzee.com
AOSL		www.aosmd.com
CNBKA		www.centurybank.com
EBON		www.ebang.com.cn
ADILW		WebsiteNotFound
EBMT		www.opportunitybank.com
PSNL		www.personalis.com
RYTM		www.rhythmtx.com
MRUS		www.merus.nl
JKI		WebsiteNotFound
MATW		www.matw.com
AZN		www.astrazeneca.com
WORX		www.scworx.com
HTHT		www.huazhu.com
NMIH		www.nationalmi.com
MRVI		www.maravai.com
MRVL		www.marvell.com
AXGN		www.axogeninc.com
PBPB		www.potbelly.com
OPNT		www.opiant.com
CDZI		www.cadizinc.com
SKYW		inc.skywest.com
AGEN		agenusbio.com
LOVE		www.lovesac.com
AOUT		www.aob.com
ECOLW		WebsiteNotFound
IFMK		www.ifreshmarket.com
BTAQU		WebsiteNotFound
BTAQW		WebsiteNotFound
ESSA		ir.essabank.com
DYAI		www.dyadic.com
OPOF		oldpoint.com
ESSC		WebsiteNotFound
SKYY		WebsiteNotFound
STIM		www.neurostar.com
AGFS		www.agrofresh.com
CMLS		www.cumulusmedia.com
PHUNW		WebsiteNotFound
SCHN		www.schnitzersteel.com
SCHL		www.scholastic.com
CMLF		WebsiteNotFound
FEUZ		WebsiteNotFound
HCKT		www.thehackettgroup.com
EBSB		www.ebsb.com
MAYS		www.jwmays.com
TWOU		2u.com
URBN		www.urbn.com
MARPS		www.marps-marine.com
LGHL		www.libkr.com
PSTI		www.pluristem.com
SCKT		www.socketmobile.com
PKBK		www.parkebank.com
STKL		www.sunopta.com
HTLD		www.heartlandexpress.com
HTLF		www.htlf.com
TWNK		www.hostessbrands.com
MAXN		www.maxeon.com
STKS		www.togrp.com
NMMC		www.nmmergercorp.com
ESTA		www.establishmentlabs.com
SAL		www.salisburybank.com
STLD		www.steeldynamics.com
OPRX		www.optimizerx.com
WTFCM		www.wintrust.com
OPRT		www.oportun.com
WTFCP		www.wintrust.com
CVAC		www.curevac.com
VLDRW		WebsiteNotFound
HTOO		www.fusion-fuel.eu
AGIO		www.agios.com
PBTS		www.powerbridge.com
NVAX		www.novavax.com
STOK		www.stoketherapeutics.com
BRLIU		WebsiteNotFound
GOVXW		WebsiteNotFound
PSTV		www.plustherapeutics.com
BRLIW		WebsiteNotFound
PSTX		www.poseida.com
STMP		www.stamps.com
FNHC		www.fednat.com
SBT		www.sterlingbank.com
CVBF		www.cbbank.com
EBTC		www.enterprisebanking.com
BRLIR		WebsiteNotFound
STND		www.standardbankpa.com
AXLA		www.axcellahealth.com
CMPS		www.compasspathways.com
CMPR		www.cimpress.com
OPRA		www.opera.com
LGIH		www.lgihomes.com
CMPI		www.checkmatepharma.com
JACK		www.jackintheboxinc.com
STNE		www.stone.co
